people_id,person_hash,party_id,state_id,party,role_id,role,name,first_name,middle_name,last_name,suffix,nickname,district,ftm_eid,votesmart_id,opensecrets_id,knowwho_pid,ballotpedia,bioguide_id,committee_sponsor,committee_id,state_federal
8955,zy55u68d,1,52,D,1,Rep,Nydia Velazquez,Nydia,M.,Velazquez,,,HD-NY-7,17658223,26975,N00001102,158981,Nydia_Velazquez,V000081,0,0,0
8957,0lt6ddgr,1,52,D,1,Rep,Frank Pallone,Frank,,Pallone,Jr.,,HD-NJ-6,17658803,26951,N00000781,158957,Frank_Pallone,P000034,0,0,0
8963,lghvcrvx,1,52,D,1,Rep,Kathy Castor,Kathy,,Castor,,,HD-FL-14,170335,53825,N00027514,248289,Kathy_Castor,C001066,0,0,0
8964,2drw2yg6,1,52,D,1,Rep,Gerald Connolly,Gerald,E.,Connolly,,Gerry,HD-VA-11,16577898,95078,N00029891,267105,Gerald_Connolly,C001078,0,0,0
8965,ykjgp489,1,52,D,1,Rep,Henry Cuellar,Henry,,Cuellar,,,HD-TX-28,6443275,5486,N00024978,199164,Henry_Cuellar,C001063,0,0,0
8967,klyveg3n,1,52,D,1,Rep,Diana DeGette,Diana,,DeGette,,,HD-CO-1,6006202,561,N00006134,158770,Diana_DeGette,D000197,0,0,0
8972,iojagoko,1,52,D,1,Rep,Bill Foster,Bill,,Foster,,,HD-IL-11,16623751,101632,N00029139,263138,Bill_Foster,F000454,0,0,0
8976,rffp6oz3,1,52,D,1,Rep,Henry Johnson,Henry,C.,Johnson,Jr.,Hank,HD-GA-4,17658662,68070,N00027848,248293,Hank_Johnson,J000288,0,0,0
8979,s3k15nh3,1,52,D,2,Sen,Ben Lujan,Ben,Ray,Lujan,,,SD-NM,9025644,102842,N00029562,266495,"Ben_Lujan,_Sr.",L000570,0,0,6103
8981,hdvrlylp,1,52,D,2,Sen,Edward Markey,Edward,J.,Markey,,,SD-MA,17658675,26900,N00000270,158881,Edward_Markey,M000133,0,0,0
8983,4guocnsd,1,52,D,1,Rep,Doris Matsui,Doris,O.,Matsui,,,HD-CA-7,17658638,28593,N00027459,232639,Doris_Matsui,M001163,0,0,0
8986,m2pvngcc,1,52,D,2,Sen,Christopher Murphy,Christopher,S.,Murphy,,,SD-CT,6384200,17189,N00027566,193324,Chris_Murphy_(Connecticut),M001169,0,0,0
8988,2vo8uaxr,1,52,D,1,Rep,Janice Schakowsky,Janice,D.,Schakowsky,,,HD-IL-9,6419995,6387,N00004724,158836,Jan_Schakowsky,S001145,0,0,0
8989,jzmzq7nk,1,52,D,1,Rep,Brad Sherman,Brad,,Sherman,,,HD-CA-32,369166,142,N00006897,158741,Brad_Sherman,S000344,0,0,0
8995,ugd19v5h,1,52,D,1,Rep,Debbie Wasserman Schultz,Debbie,,Wasserman Schultz,,,HD-FL-25,704716,24301,N00026106,226499,Debbie_Wasserman_Schultz,W000797,0,0,0
8997,ctbezjsi,1,52,D,2,Sen,Peter Welch,Peter,,Welch,,,SD-VT,9959484,51272,N00000515,210068,Peter_Welch,W000800,0,0,0
9004,mzzpsyfc,1,52,D,2,Sen,Tammy Baldwin,Tammy,,Baldwin,,,SD-WI,2924660,3470,N00004367,159127,Tammy_Baldwin,B001230,0,0,0
9019,lcudj1xk,1,52,D,1,Rep,Andre Carson,Andre,,Carson,,,HD-IN-7,17658782,84917,N00029513,263260,Andr%C3%A9_Carson,C001072,0,0,0
9021,qs5uninn,1,52,D,1,Rep,Yvette Clarke,Yvette,D.,Clarke,,,HD-NY-9,5418023,44741,N00026961,248335,Yvette_Clarke,C001067,0,0,0
9023,6f2n6oig,1,52,D,1,Rep,Emanuel Cleaver,Emanuel,,Cleaver,,,HD-MO-5,4396432,39507,N00026790,226522,Emanuel_Cleaver,C001061,0,0,0
9024,ria848mh,1,52,D,1,Rep,James Clyburn,James,E.,Clyburn,,,HD-SC-6,5019671,27066,N00002408,159060,James_Clyburn,C000537,0,0,0
9025,0flzaozy,1,52,D,1,Rep,Steve Cohen,Steve,,Cohen,,,HD-TN-9,6442808,24340,N00003225,198993,"Steve_Hobbs,_Missouri_Representative",C001068,0,0,0
9029,2qvf13k9,1,52,D,1,Rep,Joe Courtney,Joe,,Courtney,,,HD-CT-2,7236851,30333,N00024842,248833,Joe_Courtney,C001069,0,0,0
9032,fem2kor1,1,52,D,1,Rep,Danny Davis,Danny,K.,Davis,,,HD-IL-7,16565454,233,N00004884,158834,Danny_K._Davis,D000096,0,0,0
9035,g25cpbse,1,52,D,1,Rep,Rosa DeLauro,Rosa,L.,DeLauro,,,HD-CT-3,5349073,26788,N00000615,158778,Rosa_DeLauro,D000216,0,0,0
9037,x8u7gn7k,1,52,D,1,Rep,Lloyd Doggett,Lloyd,,Doggett,,,HD-TX-37,17658622,21689,N00006023,159080,Lloyd_Doggett,D000399,0,0,0
9047,qm3c1xjn,1,52,D,2,Sen,Kirsten Gillibrand,Kirsten,E.,Gillibrand,,,SD-NY,1577524,65147,N00027658,248345,Kirsten_Gillibrand,G000555,0,0,0
9050,mk25m4b8,1,52,D,1,Rep,Al Green,Al,,Green,,,HD-TX-9,11567524,49680,N00026686,226547,Al_Green_(Texas),G000553,0,0,0
9051,76g36sia,1,52,D,1,Rep,Raul Grijalva,Raul,M.,Grijalva,,,HD-AZ-7,17657668,28253,N00025284,211719,Raul_Grijalva,G000551,0,0,0
9057,xtyb5c1g,1,52,D,2,Sen,Martin Heinrich,Martin,,Heinrich,,,SD-NM,8939798,74517,N00029835,266934,Martin_Heinrich,H001046,0,0,0
9059,2l42ff6o,1,52,D,1,Rep,James Himes,James,A.,Himes,,,HD-CT-4,14257522,106744,N00029070,266938,Jim_Himes,H001047,0,0,0
9061,yqm2ur4v,1,52,D,2,Sen,Mazie Hirono,Mazie,K.,Hirono,,,SD-HI,6401094,1677,N00028139,248294,Mazie_Hirono,H001042,0,0,0
9065,2on8y3dn,1,52,D,1,Rep,Steny Hoyer,Steny,H.,Hoyer,,,HD-MD-5,5702081,26890,N00001821,158889,Steny_Hoyer,H000874,0,0,0
9070,w9iuhiap,1,52,D,1,Rep,Marcy Kaptur,Marcy,,Kaptur,,,HD-OH-9,3503114,27016,N00003522,159009,Marcy_Kaptur,K000009,0,0,0
9076,31giymui,1,52,D,1,Rep,Rick Larsen,Rick,,Larsen,,,HD-WA-2,17657616,56231,N00009759,124078,Rick_Larsen,L000560,0,0,0
9077,3lsd7um3,1,52,D,1,Rep,John Larson,John,B.,Larson,,,HD-CT-1,16565470,17188,N00000575,158776,John_Larson_(Connecticut),L000557,0,0,5717
9083,t7m0s2ft,1,52,D,1,Rep,Zoe Lofgren,Zoe,,Lofgren,,,HD-CA-18,761620,21899,N00007479,158733,Zoe_Lofgren,L000397,0,0,0
9085,6nc2hqqs,1,52,D,1,Rep,Stephen Lynch,Stephen,F.,Lynch,,,HD-MA-8,1819740,4844,N00013855,195035,Stephen_Lynch,L000562,0,0,0
9089,awr612hp,1,52,D,1,Rep,Betty McCollum,Betty,,McCollum,,,HD-MN-4,6428407,3812,N00012942,195933,Betty_McCollum,M001143,0,0,0
9095,dfoj059c,1,52,D,1,Rep,Gwen Moore,Gwen,,Moore,,,HD-WI-4,2653235,3457,N00026914,199871,Gwen_Moore,M001160,0,0,0
9099,rwffcw9q,1,52,D,1,Rep,Jerrold Nadler,Jerrold,,Nadler,,,HD-NY-12,17658246,26980,N00000939,158977,Jerrold_Nadler,N000002,0,0,0
9100,h8rinfel,1,52,D,1,Rep,Eleanor Norton,Eleanor,Holmes,Norton,,,HD-DC,18929695,775,N00001692,158782,Eleanor_Holmes_Norton,N000147,0,0,0
9107,n0hm1fke,1,52,D,2,Sen,Gary Peters,Gary,C.,Peters,,,SD-MI,363232,8749,N00029277,195614,Gary_Peters,P000595,0,0,0
9109,caxcxyw5,1,52,D,1,Rep,Chellie Pingree,Chellie,,Pingree,,,HD-ME-1,1656640,6586,N00013817,267137,Chellie_Pingree,P000597,0,0,0
9121,7ammm44v,1,52,D,1,Rep,Linda Sanchez,Linda,T.,Sanchez,,,HD-CA-38,17657762,29674,N00024870,211684,Linda_S%C3%A1nchez,S001156,0,0,0
9124,6xj4jdxx,1,52,D,2,Sen,Adam Schiff,Adam,B.,Schiff,,,SD-CA,15203357,9489,N00009585,193010,Adam_Schiff,S001150,0,0,0
9126,v86fk0xj,1,52,D,1,Rep,David Scott,David,,Scott,,,HD-GA-13,13011507,7826,N00024871,193670,David_Scott_(Georgia),S001157,0,0,12194
9127,yj5zsql5,1,52,D,1,Rep,Robert Scott,Robert,C.,Scott,,Bobby,HD-VA-3,17658728,173269,N00002147,159106,Robert_Scott_(Delaware),S000185,0,0,0
9137,bhtcm97e,1,52,D,1,Rep,Bennie Thompson,Bennie,G.,Thompson,,,HD-MS-2,8348996,26929,N00003288,158929,Bennie_Thompson,T000193,0,0,0
9138,btn7lzt9,1,52,D,1,Rep,Mike Thompson,Mike,,Thompson,,,HD-CA-4,1952480,3564,N00007419,158718,Mike_Thompson_(California),T000460,0,0,0
9140,tzyevmen,1,52,D,1,Rep,Dina Titus,Dina,,Titus,,,HD-NV-1,12996791,2629,N00030191,197530,Dina_Titus,T000468,0,0,0
9141,52gl0w7n,1,52,D,2,Sen,Chris Van Hollen,Chris,,Van Hollen,,,SD-MD,5552236,6098,N00013820,195215,Chris_Van_Hollen,V000128,0,0,0
9144,ijja8k71,1,52,D,1,Rep,Maxine Waters,Maxine,,Waters,,,HD-CA-43,1257359,26759,N00006690,158752,Maxine_Waters,W000187,0,0,0
9151,1m2s0603,1,52,D,1,Rep,Sanford Bishop,Sanford,D.,Bishop,Jr.,,HD-GA-2,5134027,26817,N00002674,158808,Sanford_Bishop_Jr.,B000490,0,0,0
9157,nyixi862,2,52,R,1,Rep,Mario Diaz-Balart,Mario,,Diaz-Balart,,,HD-FL-26,12999048,24312,N00025337,193508,Mario_Diaz-Balart,D000600,0,0,0
9160,o1zhlthv,1,52,D,1,Rep,James McGovern,James,P.,McGovern,,,HD-MA-2,17658594,552,N00000179,158877,James_J._McGovern,M000312,0,0,0
9161,7h209b0k,1,52,D,1,Rep,Gregory Meeks,Gregory,W.,Meeks,,,HD-NY-5,17658810,4360,N00001171,158975,Gregory_Meeks,M001137,0,0,21691
9167,aaq2jux5,1,52,D,1,Rep,Paul Tonko,Paul,D.,Tonko,,,HD-NY-20,4469600,4403,N00030196,197757,Paul_Tonko,T000469,0,0,0
9172,e1pw64ek,2,52,R,2,Sen,Marsha Blackburn,Marsha,,Blackburn,,,SD-TN,6654369,25186,N00003105,198986,Marsha_Blackburn,B001243,0,0,0
9175,gmwmkrf2,2,52,R,1,Rep,Vern Buchanan,Vern,,Buchanan,,,HD-FL-16,17658661,66247,N00027626,250707,Vern_Buchanan,B001260,0,0,0
9192,77p1skl0,2,52,R,1,Rep,Michael McCaul,Michael,T.,McCaul,,,HD-TX-10,15456789,49210,N00026460,226551,Michael_McCaul,M001157,0,0,0
9200,69y137x9,2,52,R,1,Rep,Pete Sessions,Pete,,Sessions,,,HD-TX-17,10838573,288,N00005681,159075,Pete_Sessions,S000250,0,0,0
9201,76ewpko5,1,52,D,1,Rep,Adam Smith,Adam,,Smith,,,HD-WA-9,17658734,845,N00007833,159125,Adam_Smith_(Washington),S000510,0,0,0
9209,nnqnietk,2,52,R,1,Rep,Gus Bilirakis,Gus,M.,Bilirakis,,,HD-FL-12,12998704,17318,N00027462,193559,Gus_Bilirakis,B001257,0,0,0
9210,jdd9osw6,2,52,R,2,Sen,John Boozman,John,,Boozman,,,SD-AR,9687692,27958,N00013873,209930,John_Boozman,B001236,0,0,0
9211,lvvhvgma,2,52,R,1,Rep,Ken Calvert,Ken,,Calvert,,,HD-CA-41,2378663,26777,N00007099,158760,Ken_Calvert,C000059,0,0,0
9212,l1ed938k,2,52,R,2,Sen,Shelley Capito,Shelley,Moore,Capito,,,SD-WV,6651319,11701,N00009771,200084,Shelley_Moore_Capito,C001047,0,0,19270
9213,86i58pyg,2,52,R,1,Rep,Tom Cole,Tom,,Cole,,,HD-OK-4,14964187,46034,N00025726,211693,Tom_Cole_(Oklahoma),C001053,0,0,0
9216,lkizgzxc,2,52,R,1,Rep,Robert Latta,Robert,E.,Latta,,,HD-OH-5,3428798,9926,N00012233,209172,Bob_Latta,L000566,0,0,654
9217,gnqvmela,2,52,R,1,Rep,Tom McClintock,Tom,,McClintock,,,HD-CA-5,2481759,9715,N00006863,193067,Tom_McClintock,M001177,0,0,0
9220,ahue4yxo,2,52,R,1,Rep,Mike D. Rogers,Mike,D.,Rogers,,,HD-AL-3,6571477,5705,N00024759,192661,Mike_Rogers_(Alabama),R000575,0,0,0
9222,js7du00v,2,52,R,1,Rep,Michael Simpson,Michael,K.,Simpson,,,HD-ID-2,7913824,2917,N00006263,158827,Michael_Simpson_(Idaho),S001148,0,0,0
9234,lvs1rvrk,1,52,D,1,Rep,Judy Chu,Judy,,Chu,,,HD-CA-28,1258090,16539,N00030600,209456,Judy_Chu,C001080,0,0,0
9237,td566tn1,2,52,R,1,Rep,Christopher Smith,Christopher,H.,Smith,,,HD-NJ-4,17658186,26952,N00009816,158955,Chris_Smith_(New_Jersey),S000522,0,0,0
9254,qxy4osah,2,52,R,1,Rep,John Carter,John,R.,Carter,,,HD-TX-31,17658461,49296,N00025095,211726,John_Carter_(Texas),C001051,0,0,0
9255,8t4a6t34,2,52,R,2,Sen,Bill Cassidy,Bill,,Cassidy,,,SD-LA,6673315,69494,N00030245,266763,Bill_Cassidy,C001075,0,0,0
9269,swa3u5tf,2,52,R,1,Rep,Virginia Foxx,Virginia,,Foxx,,,HD-NC-5,6285984,6051,N00026166,196515,Virginia_Foxx,F000450,0,0,0
9273,qxalf223,2,52,R,1,Rep,Sam Graves,Sam,,Graves,,,HD-MO-6,3836803,9425,N00013323,195969,Sam_Graves,G000546,0,0,0
9274,e9i9kjv8,2,52,R,1,Rep,Brett Guthrie,Brett,,Guthrie,,,HD-KY-2,6573540,18829,N00029675,194385,Brett_Guthrie,G000558,0,0,0
9279,wchtw30t,2,52,R,1,Rep,Darrell Issa,Darrell,E.,Issa,,,HD-CA-48,61054,16553,N00007017,205554,Darrell_Issa,I000056,0,0,0
9294,pxa5pays,2,52,R,1,Rep,Frank Lucas,Frank,D.,Lucas,,,HD-OK-3,17658609,27032,N00005559,159025,Frank_Lucas,L000491,0,0,0
9296,ca5denhm,2,52,R,2,Sen,Cynthia Lummis,Cynthia,M.,Lummis,,,SD-WY,6365823,15546,N00029788,240578,Cynthia_Lummis,L000571,0,0,0
9305,t3dzh81l,2,52,R,2,Sen,Jerry Moran,Jerry,,Moran,,,SD-KS,19889609,542,N00005282,158858,Jerry_Moran,M000934,0,0,0
9307,4cughglp,1,52,D,1,Rep,Richard Neal,Richard,E.,Neal,,,HD-MA-1,17441075,26895,N00000153,158876,Richard_Neal,N000015,0,0,0
9312,pf1tkip8,1,52,D,1,Rep,Mike Quigley,Mike,,Quigley,,,HD-IL-5,8785226,83310,N00030581,277349,Mike_Quigley,Q000023,0,0,0
9324,88p7q4un,2,52,R,1,Rep,Adrian Smith,Adrian,,Smith,,,HD-NE-3,6558263,21284,N00027623,196871,Adrian_Smith,S001172,0,0,0
9329,s48rqguv,2,52,R,1,Rep,Glenn Thompson,Glenn,,Thompson,,,HD-PA-15,4811486,24046,N00029736,267269,Glenn_Thompson_(Pennsylvania),T000467,0,0,0
9333,ftinbgg3,2,52,R,1,Rep,Michael Turner,Michael,R.,Turner,,,HD-OH-10,17658265,45519,N00025175,211690,Michael_Turner_(Ohio),T000463,0,0,0
9337,2w1xowbw,2,52,R,1,Rep,Joe Wilson,Joe,,Wilson,,,HD-SC-2,6644962,3985,N00024809,198713,Joe_Wilson_(South_Carolina),W000795,0,0,0
9340,vgqv6s3v,1,52,D,1,Rep,Jim Costa,Jim,,Costa,,,HD-CA-21,732074,3577,N00026341,193005,Jim_Costa,C001059,0,0,0
9346,qg8ps5s1,2,52,R,1,Rep,Robert Aderholt,Robert,B.,Aderholt,,,HD-AL-4,6307650,441,N00003028,158703,Robert_Aderholt,A000055,0,0,0
9360,evhmkp91,1,52,D,1,Rep,John Garamendi,John,,Garamendi,,,HD-CA-8,12997062,29664,N00030856,240331,John_Garamendi,G000559,0,0,0
9365,n0dre2k1,2,52,R,1,Rep,Jim Jordan,Jim,,Jordan,,,HD-OH-4,13004893,8158,N00027894,197920,Jim_Jordan_(Ohio),J000289,0,0,0
9381,ms77q5ej,2,52,R,1,Rep,Harold Rogers,Harold,,Rogers,,,HD-KY-5,17657470,26875,N00003473,158866,Hal_Rogers,R000395,0,0,0
9384,lc8gvmwa,2,52,R,1,Rep,Steve Scalise,Steve,,Scalise,,,HD-LA-1,6627583,9026,N00009660,194976,Steve_Scalise,S001176,0,0,0
9389,8gue0k26,2,52,R,1,Rep,Robert Wittman,Robert,J.,Wittman,,,HD-VA-1,6666723,58133,N00029459,241260,Rob_Wittman,W000804,0,0,0
9394,i3785rxp,1,52,D,1,Rep,Nancy Pelosi,Nancy,,Pelosi,,,HD-CA-11,2022063,26732,n00007360,158725,Nancy_Pelosi,P000197,0,0,0
9405,i4x14koe,1,52,D,2,Sen,Richard Durbin,Richard,,Durbin,,,SD-IL,3414130,26847,N00004981,165219,Dick_Durbin,D000563,0,0,0
9408,r7nps3ip,1,52,D,2,Sen,Amy Klobuchar,Amy,,Klobuchar,,,SD-MN,17659011,65092,N00027500,248506,Amy_Klobuchar,K000367,0,0,0
9414,5pzkxb3w,1,52,D,2,Sen,Charles Schumer,Charles,E.,Schumer,,Chuck,SD-NY,19890086,26976,N00001093,165260,Chuck_Schumer,S000148,0,0,0
9417,9kl7g1rn,1,52,D,2,Sen,Ron Wyden,Ron,,Wyden,,,SD-OR,5397600,27036,N00007724,165265,Ron_Wyden,W000779,0,0,0
9422,cleoh36j,1,52,D,2,Sen,Jeanne Shaheen,Jeanne,,Shaheen,,,SD-NH,2227644,1663,N00024790,209675,Jeanne_Shaheen,S001181,0,0,0
9427,ajo63a1r,1,52,D,2,Sen,Maria Cantwell,Maria,,Cantwell,,,SD-WA,3465258,27122,N00007836,205537,Maria_Cantwell,C000127,0,0,0
9431,y4pijgni,1,52,D,2,Sen,Patty Murray,Patty,,Murray,,,SD-WA,18930579,53358,N00007876,165286,Patty_Murray,M001111,0,0,0
9434,tz8vuv7x,3,52,I,2,Sen,Bernard Sanders,Bernard,,Sanders,,,SD-VT,9960190,27110,N00000528,159116,Bernie_Sanders,S000033,0,0,0
9443,jgbb1oef,1,52,D,2,Sen,Sheldon Whitehouse,Sheldon,,Whitehouse,,,SD-RI,373538,2572,N00027533,248425,Sheldon_Whitehouse,W000802,0,0,0
9444,0ie58qto,2,52,R,2,Sen,John Cornyn,John,,Cornyn,,,SD-TX,6646197,15375,N00024852,211675,John_Cornyn,C001056,0,0,0
9445,f2k79x2t,2,52,R,2,Sen,Mike Crapo,Mike,,Crapo,,,SD-ID,19890076,26830,N00006267,165218,Mike_Crapo,C000880,0,0,0
9459,f0qn5jvf,2,52,R,2,Sen,Susan Collins,Susan,M.,Collins,,,SD-ME,10045641,379,N00000491,165234,Susan_Collins_(Maine),C001035,0,0,0
9460,glri16zi,1,52,D,2,Sen,Jack Reed,Jack,,Reed,,,SD-RI,5584992,27060,N00000362,165269,Jack_Reed,R000122,0,0,0
9463,ldf3b0fy,1,52,D,2,Sen,Michael Bennet,Michael,F.,Bennet,,,SD-CO,5995587,110942,N00030608,274906,Michael_Bennet,B001267,0,0,0
9469,58q1t500,1,52,D,2,Sen,Jeff Merkley,Jeff,,Merkley,,,SD-OR,13005237,23644,N00029303,198129,Jeff_Merkley,M001176,0,0,0
9473,2xdc4klw,1,52,D,2,Sen,Mark Warner,Mark,R.,Warner,,,SD-VA,6003122,535,N00002097,210000,Mark_Warner,W000805,0,0,0
9483,sjcjzxst,2,52,R,2,Sen,John Barrasso,John,,Barrasso,,,SD-WY,10154698,52662,N00006236,214311,John_Barrasso,B001261,0,0,0
9484,1zy2f3m5,2,52,R,2,Sen,Chuck Grassley,Chuck,,Grassley,,,SD-IA,6338995,53293,N00001758,165215,Chuck_Grassley,G000386,0,0,0
9488,vxlaliuo,2,52,R,2,Sen,Lindsey Graham,Lindsey,,Graham,,,SD-SC,8463292,21992,N00009975,159057,Lindsey_Graham,G000359,0,0,19507
9491,isieh7x3,2,52,R,2,Sen,Lisa Murkowski,Lisa,,Murkowski,,,SD-AK,6604204,15841,N00026050,192554,Lisa_Murkowski,M001153,0,0,0
9492,xyfooh2c,2,52,R,2,Sen,John Thune,John,,Thune,,,SD-SD,19897787,398,N00004572,159061,John_Thune,T000250,0,0,0
9493,cabmgf99,2,52,R,2,Sen,Roger Wicker,Roger,F.,Wicker,,,SD-MS,17659028,21926,N00003280,158928,Roger_Wicker,W000437,0,0,0
9496,gcopvn6m,2,52,R,2,Sen,James Risch,James,E.,Risch,,,SD-ID,6576171,2919,N00029441,213702,Jim_Risch,R000584,0,0,0
9497,qbqukfax,2,52,R,2,Sen,Mitch McConnell,Mitch,,McConnell,,,SD-KY,9284790,53298,N00003389,165225,Mitch_McConnell,M000355,0,0,0
9624,rsz1qtnd,1,52,D,2,Sen,Christopher Coons,Christopher,A.,Coons,,,SD-DE,5584171,122834,N00031820,286419,Chris_Coons,C001088,0,0,0
11047,73ahm40c,2,52,R,1,Rep,Eric Crawford,Eric,A.,Crawford,,Rick,HD-AR-1,17657353,119208,N00030770,283914,Rick_Crawford_(Arkansas),C001087,0,0,0
11054,2v8g0j52,2,52,R,1,Rep,Paul Gosar,Paul,A.,Gosar,,,HD-AZ-9,8461058,123491,N00030771,283933,Paul_Gosar,G000565,0,0,0
11058,eom7jyq1,2,52,R,1,Rep,Bill Huizenga,Bill,,Huizenga,,,HD-MI-4,6574786,38351,N00030673,288017,Bill_Huizenga,H001058,0,0,0
11061,r3ltpj5e,2,52,R,2,Sen,James Lankford,James,,Lankford,,,SD-OK,17657561,124938,N00031129,284972,James_Lankford,L000575,0,0,0
11074,68wregy0,2,52,R,2,Sen,Tim Scott,Tim,,Scott,,,SD-SC,6644860,11940,N00031782,272024,Tim_Scott,S001184,0,0,2297
11076,tmc0p2k2,2,52,R,1,Rep,Marlin Stutzman,Marlin,A.,Stutzman,,,HD-IN-3,7399460,34230,N00030891,212345,Marlin_Stutzman,S001188,0,0,5611
11077,t1xxilhf,2,52,R,1,Rep,Tim Walberg,Tim,,Walberg,,,HD-MI-5,200642,8618,N00026368,248304,Tim_Walberg,W000798,0,0,0
11080,t1iqdrnz,2,52,R,2,Sen,Todd Young,Todd,C.,Young,,,SD-IN,7157141,120345,N00030670,284637,Todd_Young,Y000064,0,0,0
11099,wdolqnr4,2,52,R,1,Rep,Steve Womack,Steve,,Womack,,,HD-AR-3,9604218,71815,N00031857,285713,Steve_Womack,W000809,0,0,0
11124,u7i7b4fl,2,52,R,1,Rep,Scott DesJarlais,Scott,,DesJarlais,,,HD-TN-4,16586618,123473,N00030957,285129,Scott_DesJarlais,D000616,0,0,0
11129,4rsz141z,2,52,R,1,Rep,Charles Fleischmann,Charles,J.,Fleischmann,,Chuck,HD-TN-3,9391800,123456,N00030815,285119,Charles_Fleischmann,F000459,0,0,0
11132,arpp6czy,2,52,R,1,Rep,Morgan Griffith,H. Morgan,,Griffith,,,HD-VA-9,6276976,5148,N00032029,199430,Morgan_Griffith,G000568,0,0,690
11137,vr8srqc8,2,52,R,1,Rep,Mike Kelly,Mike,,Kelly,,,HD-PA-16,5007914,119463,N00031647,286955,Mike_Kelly_(Pennsylvania),K000376,0,0,0
11145,l2rb7t8r,2,52,R,1,Rep,Daniel Webster,Daniel,,Webster,,,HD-FL-11,13011367,24302,N00026335,193483,Daniel_Webster_(Florida),W000806,0,0,0
11164,qvy181au,2,52,R,1,Rep,Austin Scott,Austin,,Scott,,,HD-GA-8,6805076,11812,N00032457,193858,Austin_Scott,S001189,0,0,1928
11199,crmbr7rg,1,52,D,2,Sen,Richard Blumenthal,Richard,,Blumenthal,,,SD-CT,6378136,1568,N00031685,218586,Richard_Blumenthal,B001277,0,0,0
11200,zm3hjkaf,1,52,D,1,Rep,Frederica Wilson,Frederica,S.,Wilson,,,HD-FL-24,12999016,17319,N00030650,211856,Frederica_Wilson,W000808,0,0,1772
11201,wknbt2m7,1,52,D,1,Rep,Terri Sewell,Terri,A.,Sewell,,,HD-AL-7,17657351,121621,N00030622,283908,Terri_Sewell,S001185,0,0,0
11605,gz4ylu49,2,52,R,1,Rep,Andy Harris,Andy,,Harris,,,HD-MD-1,4600723,19157,N00029147,195206,Andy_Harris,H001052,0,0,4683
11606,2aroxdt4,2,52,R,1,Rep,David Schweikert,David,,Schweikert,,,HD-AZ-1,8573431,106387,N00006460,267202,David_Schweikert,S001183,0,0,0
11867,mcmybet0,1,52,D,1,Rep,William Keating,William,R.,Keating,,Bill,HD-MA-9,17657478,4743,N00031933,286684,Bill_Keating,K000375,0,0,0
11893,kj744t8v,2,52,R,2,Sen,Rand Paul,Rand,,Paul,,,SD-KY,9337758,117285,N00030836,285781,Rand_Paul,P000603,0,0,0
11907,xt753gnn,2,52,R,2,Sen,Ron Johnson,Ron,,Johnson,,,SD-WI,2938769,126217,N00032546,309565,Ron_Johnson_(Wisconsin),J000293,0,0,0
11909,yhq11h7j,2,52,R,2,Sen,Mike Lee,Mike,,Lee,,,SD-UT,19890610,66395,N00031696,268656,Mike_Lee_(Utah),L000577,0,0,0
11910,8u29wj1z,2,52,R,2,Sen,Marco Rubio,Marco,,Rubio,,,SD-FL,12999040,1601,N00030612,193597,Marco_Rubio,R000595,0,0,0
11971,iwcgtwmm,2,52,R,2,Sen,John Hoeven,John,,Hoeven,,,SD-ND,144736,41788,N00031688,209683,John_Hoeven,H001061,0,0,0
13318,xhxpchi7,2,52,R,1,Rep,Mark Amodei,Mark,E.,Amodei,,,HD-NV-2,6596644,12537,N00031177,197540,Mark_Amodei,A000369,0,0,8560
13869,zwfqam9j,1,52,D,1,Rep,Suzanne Bonamici,Suzanne,,Bonamici,,,HD-OR-1,339835,59641,N00033474,249764,Suzanne_Bonamici,B001278,0,0,6226
14026,zz9y056y,2,52,R,1,Rep,Thomas Massie,Thomas,,Massie,,,HD-KY-4,9195688,132068,N00034041,391510,Thomas_Massie,M001184,0,0,0
14081,uqrd4tgh,1,52,D,2,Sen,Brian Schatz,Brian,,Schatz,,,SD-HI,6397188,17852,N00028138,193945,Brian_Schatz,S001194,0,0,0
14082,7db3fndh,1,52,D,1,Rep,Joyce Beatty,Joyce,,Beatty,,,HD-OH-3,2954872,2427,N00033904,197852,Joyce_Beatty,B001281,0,0,518
14084,m78r4asr,2,52,R,1,Rep,Richard Hudson,Richard,,Hudson,,,HD-NC-9,6611759,136448,N00033630,161542,Richard_Hudson,H001067,0,0,0
14085,1jqtnj2v,1,52,D,1,Rep,Grace Meng,Grace,,Meng,,,HD-NY-6,4676224,69157,N00034547,271828,Grace_Meng,M001188,0,0,1346
14090,asdkm81r,1,52,D,1,Rep,Suzan DelBene,Suzan,,DelBene,,,HD-WA-1,2610675,126272,N00030693,284676,Suzan_DelBene,D000617,0,0,0
14137,rny8gmgr,1,52,D,1,Rep,Hakeem Jeffries,Hakeem,S.,Jeffries,,,HD-NY-8,13009236,55285,N00033640,250929,Hakeem_Jeffries,J000294,0,0,1323
14882,y7ptrsug,1,52,D,1,Rep,Julia Brownley,Julia,,Brownley,,,HD-CA-26,1256839,59904,N00034254,248455,Julia_Brownley,B001285,0,0,1505
14887,zd3asd1k,2,52,R,2,Sen,Tom Cotton,Tom,,Cotton,,,SD-AR,13607871,135651,N00033363,378517,Tom_Cotton,C001095,0,0,0
14888,00ti0jne,2,52,R,2,Sen,Kevin Cramer,Kevin,,Cramer,,,SD-ND,13010662,444,N00004614,240471,Kevin_Cramer,C001096,0,0,0
14889,tc69v8nn,2,52,R,2,Sen,Steve Daines,Steve,,Daines,,,SD-MT,7687176,135720,N00033054,378524,Steve_Daines,D000618,0,0,0
14893,15yl52n3,1,52,D,1,Rep,Lois Frankel,Lois,,Frankel,,,HD-FL-22,12998905,8102,N00002893,193594,Lois_Frankel,F000462,0,0,0
14898,4lcpvs6s,1,52,D,1,Rep,Jared Huffman,Jared,,Huffman,,,HD-CA-2,13008447,59849,N00033030,248432,Jared_Huffman,H001068,0,0,1538
14903,cosc4d3k,2,52,R,2,Sen,Markwayne Mullin,Markwayne,,Mullin,,,SD-OK,12013169,135898,N00033410,378700,Markwayne_Mullin,M001190,0,0,0
14906,rr5rm7hf,2,52,R,1,Rep,Scott Perry,Scott,,Perry,,,HD-PA-10,13005805,59980,N00034120,248703,Scott_Perry,P000605,0,0,396
14916,mw71sc7y,1,52,D,1,Rep,Bradley Schneider,Bradley,S.,Schneider,,,HD-IL-10,2671149,134948,N00033101,378769,Brad_Schneider,S001190,0,0,0
14920,vwwni2ga,1,52,D,1,Rep,Juan Vargas,Juan,,Vargas,,,HD-CA-52,622640,29100,N00007021,143356,Juan_Vargas,V000130,0,0,10977
14922,m6il9679,2,52,R,1,Rep,Randy Weber,Randy,K.,Weber,Sr.,,HD-TX-14,13006857,102026,N00033539,269711,Randy_Weber,W000814,0,0,5998
14924,cnqmdgob,2,52,R,1,Rep,Roger Williams,Roger,,Williams,,,HD-TX-25,17658466,50112,N00030602,244512,Roger_Williams_(Texas),W000816,0,0,0
15051,hme4jiwz,2,52,R,1,Rep,Garland Barr,Garland,,Barr,,Andy,HD-KY-6,9192076,117290,N00031233,284674,Andy_Barr,B001282,0,0,0
15053,k23gdpqr,1,52,D,2,Sen,Tammy Duckworth,Tammy,,Duckworth,,,SD-IL,17658669,57442,N00027860,264841,Tammy_Duckworth,D000622,0,0,0
15205,7nu68xqa,1,52,D,1,Rep,Ami Bera,Ami,,Bera,,,HD-CA-6,12556998,120030,N00030717,284011,Ami_Bera,B001287,0,0,0
15208,gn2k0q2m,1,52,D,1,Rep,Steven Horsford,Steven,A.,Horsford,,,HD-NV-4,13012984,44064,N00033638,227658,Steven_Horsford,H001066,0,0,8540
15216,2ml7kllf,1,52,D,1,Rep,Joaquin Castro,Joaquin,,Castro,,,HD-TX-20,6396620,49227,N00033316,212619,Joaquin_Castro,C001091,0,0,5864
15224,t5ugyagd,2,52,R,1,Rep,David Joyce,David,,Joyce,,,HD-OH-14,14885217,143052,N00035007,439365,David_Joyce,J000295,0,0,0
15228,pbm46q1a,2,52,R,1,Rep,Doug LaMalfa,Doug,,LaMalfa,,,HD-CA-1,1560957,29713,N00033987,211738,Doug_LaMalfa,L000578,0,0,11235
15234,1nzjk413,1,52,D,1,Rep,Mark Pocan,Mark,,Pocan,,,HD-WI-2,17658558,26238,N00033549,199986,Mark_Pocan,P000607,0,0,3828
15235,n5lq0wml,1,52,D,1,Rep,Scott Peters,Scott,H.,Peters,,,HD-CA-50,14148706,70351,N00033591,378729,Scott_Peters,P000608,0,0,0
15236,rl5dmta8,1,52,D,1,Rep,Raul Ruiz,Raul,,Ruiz,,,HD-CA-25,17657757,136407,N00033510,291125,Raul_Ruiz,R000599,0,0,0
15238,kwz5gke3,1,52,D,1,Rep,Eric Swalwell,Eric,,Swalwell,,,HD-CA-14,15742560,129529,N00033508,378800,Eric_Swalwell,S001193,0,0,0
15239,cbif7qo8,1,52,D,1,Rep,Mark Takano,Mark,,Takano,,,HD-CA-39,17657771,22337,N00006701,378804,Mark_Takano,T000472,0,0,0
15240,6f67rqij,2,52,R,1,Rep,David Valadao,David,G.,Valadao,,,HD-CA-22,13008587,120200,N00033367,289367,David_Valadao,V000129,0,0,11615
15241,jwjl1axk,1,52,D,1,Rep,Marc Veasey,Marc,A.,Veasey,,,HD-TX-33,6453720,49671,N00033839,228540,Marc_Veasey,V000131,0,0,5994
15243,5gbai9gz,2,52,R,1,Rep,Ann Wagner,Ann,,Wagner,,,HD-MO-2,4493676,136083,N00033106,378827,Ann_Wagner,W000812,0,0,0
15313,kkwugc78,2,52,R,2,Sen,Ted Cruz,Ted,,Cruz,,,SD-TX,210204,135705,N00033085,378522,Ted_Cruz,C001098,0,0,0
15315,gjw81slg,2,52,R,2,Sen,Deb Fischer,Deb,,Fischer,,,SD-NE,13012823,41963,N00033443,228296,Deb_Fischer,F000463,0,0,6921
15348,ov53d9s8,3,52,I,2,Sen,Angus King,Angus,S.,King,Jr.,,SD-ME,1792907,22381,N00034580,209655,Angus_King,K000383,0,0,0
15350,18701e4h,1,52,D,2,Sen,Elizabeth Warren,Elizabeth,,Warren,,,SD-MA,1789719,141272,N00033492,309189,Elizabeth_Warren,W000817,0,0,0
15418,0wvwru9t,1,52,D,2,Sen,Tim Kaine,Tim,,Kaine,,,SD-VA,5743146,50772,N00033177,140385,Tim_Kaine,K000384,0,0,0
16022,qfvt1amx,1,52,D,1,Rep,Robin Kelly,Robin,,Kelly,,,HD-IL-2,2665398,33384,N00035215,212680,Robin_Kelly,K000385,0,0,0
16037,ncwbj52d,2,52,R,1,Rep,Jason Smith,Jason,T.,Smith,,,HD-MO-8,6669122,59318,N00035282,243054,Jason_Smith_(Missouri_representative),S001195,0,0,7634
16055,39h7tph8,1,52,D,2,Sen,Cory Booker,Cory,A.,Booker,,,SD-NJ,1987417,76151,N00035267,462025,Cory_Booker,B001288,0,0,0
16065,05q57si5,1,52,D,1,Rep,Katherine Clark,Katherine,M.,Clark,,,HD-MA-5,20536475,35858,N00035278,263010,Katherine_Clark,C001101,0,0,2411
16269,m7qt84fc,1,52,D,1,Rep,Donald Norcross,Donald,,Norcross,,,HD-NJ-1,6498707,116277,N00036154,282657,Donald_Norcross,N000188,0,0,3144
16271,jlk6q4zn,1,52,D,1,Rep,Alma Adams,Alma,S.,Adams,,,HD-NC-12,5890773,5935,N00035451,196595,Alma_Adams,A000370,0,0,2023
16447,gvpp7oqw,2,52,R,1,Rep,Rick Allen,Rick,W.,Allen,,,HD-GA-12,6939101,136062,N00032240,378450,Rick_Allen,A000372,0,0,0
16449,q4j4scaf,2,52,R,1,Rep,Brian Babin,Brian,,Babin,,,HD-TX-36,11282531,360,N00005736,481703,Brian_Babin,B001291,0,0,0
16452,dcxcla13,2,52,R,1,Rep,Mike Bost,Mike,,Bost,,,HD-IL-12,6577297,6302,N00035420,194400,Mike_Bost,B001295,0,0,1020
16454,8v83hjk6,2,52,R,1,Rep,Earl Carter,Earl,L.,Carter,,Buddy,HD-GA-1,6806386,32085,N00035346,228474,Earl_%22Buddy%22_Carter,C001103,0,0,1803
16458,3z9mh67s,2,52,R,1,Rep,Tom Emmer,Tom,,Emmer,,,HD-MN-6,12996955,38894,N00035440,227769,Tom_Emmer,E000294,0,0,6400
16460,ntqo7c9d,2,52,R,1,Rep,Glenn Grothman,Glenn,,Grothman,,,HD-WI-6,2927726,3493,N00036409,199967,Glenn_Grothman,G000576,0,0,3935
16463,v6sesxl9,2,52,R,1,Rep,French Hill,French,,Hill,,,HD-AR-2,9620575,146290,N00035792,475052,French_Hill,H001072,0,0,0
16468,gs8koi0n,2,52,R,1,Rep,Barry Loudermilk,Barry,,Loudermilk,,,HD-GA-11,12999116,31618,N00035347,228409,Barry_Loudermilk,L000583,0,0,1883
16471,3mjk18or,2,52,R,1,Rep,John Moolenaar,John,R.,Moolenaar,,,HD-MI-2,609969,37676,N00036275,212920,John_Moolenaar,M001194,0,0,11462
16473,687vmrnw,2,52,R,1,Rep,Dan Newhouse,Dan,,Newhouse,,,HD-WA-4,2971537,51522,N00036403,211847,Dan_Newhouse,N000189,0,0,3548
16476,fds8xyci,2,52,R,1,Rep,David Rouzer,David,,Rouzer,,,HD-NC-7,5876933,102964,N00033527,164497,David_Rouzer,R000603,0,0,2189
16477,zuh8egxj,2,52,R,1,Rep,Elise Stefanik,Elise,,Stefanik,,,HD-NY-21,21236694,152539,N00035523,247560,Elise_Stefanik,S001196,0,0,0
16480,zu2wct93,2,52,R,1,Rep,Bruce Westerman,Bruce,,Westerman,,,HD-AR-4,6682617,119120,N00035527,290802,Bruce_Westerman,W000821,0,0,11361
16483,krllaano,2,52,R,1,Rep,Ryan Zinke,Ryan,,Zinke,,,HD-MT-1,6675530,104073,N00035616,271177,Ryan_Zinke,Z000018,0,0,7988
16485,lw3q4fox,1,52,D,1,Rep,Bonnie Coleman,Bonnie,,Watson Coleman,,,HD-NJ-12,6389632,24799,N00036158,362925,Bonnie_Watson_Coleman,W000822,0,0,3085
16487,yd02ug7m,1,52,D,1,Rep,Brendan Boyle,Brendan,F.,Boyle,,,HD-PA-2,13006066,47357,N00035307,269627,Brendan_Boyle,B001296,0,0,905
16488,g9uiscjq,1,52,D,1,Rep,Don Beyer,Don,S.,Beyer,Jr.,,HD-VA-8,1579842,1707,N00036018,487540,Don_Beyer,B001292,0,0,0
16490,2tdlpmkt,2,52,R,1,Rep,Gary Palmer,Gary,J.,Palmer,,,HD-AL-6,22027757,146274,N00035691,475776,Gary_Palmer,P000609,0,0,0
16492,c3i655ka,1,52,D,1,Rep,Mark DeSaulnier,Mark,,DeSaulnier,,,HD-CA-10,24686,69477,N00030709,248434,Mark_DeSaulnier,D000623,0,0,1582
16495,uvauj2ke,1,52,D,1,Rep,Norma Torres,Norma,J.,Torres,,,HD-CA-35,6485739,71284,N00036107,267783,Norma_Torres,T000474,0,0,1567
16496,u4haou2y,1,52,D,1,Rep,Pete Aguilar,Pete,,Aguilar,,,HD-CA-33,17657748,70114,N00033997,397292,Pete_Aguilar,A000371,0,0,0
16497,nie9q6qn,1,52,D,2,Sen,Ruben Gallego,Ruben,,Gallego,,,SD-AZ,6507394,123732,N00036097,293802,Ruben_Gallego,G000574,0,0,10703
16498,etwlc6gj,1,52,D,1,Rep,Seth Moulton,Seth,,Moulton,,,HD-MA-6,25004670,146299,N00035431,464944,Seth_Moulton,M001196,0,0,0
16500,m83u4by6,1,52,D,1,Rep,Ted Lieu,Ted,,Lieu,,,HD-CA-36,2451821,1516,N00035825,240581,Ted_Lieu,L000582,0,0,1542
16502,eac0mgw7,1,52,D,1,Rep,Debbie Dingell,Debbie,,Dingell,,,HD-MI-6,252193,152482,N00036149,357079,Debbie_Dingell,D000624,0,0,0
16519,39r6j2zz,2,52,R,2,Sen,Joni Ernst,Joni,,Ernst,,,SD-IA,6151700,128583,N00035483,328986,Joni_Ernst,E000295,0,0,11698
16521,0gww5x7w,2,52,R,2,Sen,Mike Rounds,Mike,,Rounds,,,SD-SD,6580808,7455,N00035187,198882,Mike_Rounds,R000605,0,0,0
16523,urkh79kr,2,52,R,2,Sen,Dan Sullivan,Dan,,Sullivan,,,SD-AK,39833727,114964,N00035774,328336,Daniel_S._Sullivan,S001198,0,0,0
16524,gt38jrsy,2,52,R,2,Sen,Thom Tillis,Thom,,Tillis,,,SD-NC,5942566,57717,N00035492,250143,Thom_Tillis_(North_Carolina),T000476,0,0,2132
16824,le3tseyc,1,52,D,1,Rep,Stacey Plaskett,Stacey,E.,Plaskett,,,HD-VI,0,155929,N00035000,439826,Stacey_Plaskett,P000610,0,0,0
17510,tb58v807,2,52,R,1,Rep,Amata Radewagen,Amata,Coleman,Radewagen,,,HD-AS,0,128380,N00007635,439739,Aumua_Amata_Radewagen,R000600,0,0,0
17704,8hybslek,2,52,R,1,Rep,Trent Kelly,Trent,,Kelly,,,HD-MS-1,29268676,156389,N00037003,536266,Trent_Kelly,K000388,0,0,0
17717,59iwww1n,2,52,R,1,Rep,Darin LaHood,Darin,,LaHood,,,HD-IL-16,2782492,128760,N00037031,333096,Darin_LaHood,L000585,0,0,12534
17958,rmzpv0s6,2,52,R,1,Rep,Warren Davidson,Warren,,Davidson,,,HD-OH-8,2882234,166760,N00038767,565476,Warren_Davidson,D000626,0,0,0
17980,75y3d29y,2,52,R,1,Rep,James Comer,James,,Comer,,,HD-KY-1,13000729,35169,N00038260,205575,James_Comer_Jr.,C001108,0,0,1132
17981,12yeqz9n,1,52,D,1,Rep,Dwight Evans,Dwight,,Evans,,,HD-PA-3,13006152,9128,N00038450,198425,Dwight_Evans,E000296,0,0,305
18286,w4zk2uw8,2,52,R,1,Rep,Jody Arrington,Jody,C,Arrington,,,HD-TX-19,26357872,155685,N00038285,555820,Jodey_Arrington,A000375,0,0,0
18287,u4dxffng,2,52,R,1,Rep,Don Bacon,Don,,Bacon,,,HD-NE-2,32158683,166299,N00037049,346086,Don_Bacon,B001298,0,0,0
18288,am3budwi,2,52,R,2,Sen,Jim Banks,Jim,,Banks,,,SD-IN,2949733,116801,N00037185,291462,Jim_Banks_(Indiana),B001299,0,0,10583
18289,k4hlca04,1,52,D,1,Rep,Nanette Barragan,Nanette,Diaz,Barragan,,,HD-CA-44,39707282,166270,N00037019,536062,Nanette_Barrag%C3%A1n,B001300,0,0,0
18290,exu0ye64,2,52,R,1,Rep,Jack Bergman,Jack,,Bergman,,,HD-MI-1,39849758,170172,N00039533,577460,Jack_Bergman,B001301,0,0,0
18291,3fg4gjfb,2,52,R,1,Rep,Andy Biggs,Andy,,Biggs,,,HD-AZ-5,6602301,28088,N00039293,212155,Andy_Biggs,B001302,0,0,4228
18292,ypbimqpo,1,52,D,2,Sen,Lisa Rochester,Lisa,Blunt,Rochester,,,SD-DE,38420440,173249,N00038414,558891,Lisa_Blunt_Rochester,B001303,0,0,0
18294,7hm53cv6,2,52,R,2,Sen,Ted Budd,Ted,,Budd,,,SD-NC,40620470,171489,N00039551,576530,Ted_Budd,B001305,0,0,0
18295,h6wxpim8,1,52,D,1,Rep,Salud Carbajal,Salud,O.,Carbajal,,,HD-CA-24,39707235,81569,N00037015,460424,Salud_Carbajal,C001112,0,0,0
18297,0hvmix5k,1,52,D,1,Rep,Luis Correa,Luis,,Correa,,,HD-CA-46,6398747,9732,N00037260,193097,Lou_Correa,C001110,0,0,1579
18300,pzu9xprp,2,52,R,1,Rep,Neal Dunn,Neal,P.,Dunn,,,HD-FL-2,117671,166297,N00037442,547694,Neal_Dunn,D000628,0,0,0
18301,n4tj3j3m,1,52,D,1,Rep,Adriano Espaillat,Adriano,,Espaillat,,,HD-NY-13,6512516,14379,N00034549,197725,Adriano_Espaillat,E000297,0,0,1298
18304,7k4jnnep,2,52,R,1,Rep,Brian Fitzpatrick,Brian,K.,Fitzpatrick,,,HD-PA-1,39434649,167708,N00038779,568624,Brian_Fitzpatrick,F000466,0,0,0
18308,eai4hd0g,1,52,D,1,Rep,Vicente Gonzalez,Vicente,,Gonzalez,,,HD-TX-34,17872003,166483,N00038809,561764,Vicente_Gonzalez_Jr.,G000581,0,0,0
18309,9dqdbujj,1,52,D,1,Rep,Josh Gottheimer,Josh,,Gottheimer,,,HD-NJ-5,39707518,169202,N00036944,346665,Josh_Gottheimer,G000583,0,0,0
18310,mpcv1p4d,2,52,R,1,Rep,Clay Higgins,Clay,,Higgins,,,HD-LA-3,41316479,174484,N00039953,588003,Clay_Higgins,H001077,0,0,0
18312,612z08hj,1,52,D,1,Rep,Pramila Jayapal,Pramila,,Jayapal,,,HD-WA-7,2644458,153141,N00038858,499054,Pramila_Jayapal,J000298,0,0,16385
18313,zb879n0c,2,52,R,1,Rep,Mike Johnson,Mike,,Johnson,,,HD-LA-4,19895272,156097,N00039106,527158,Mike_Johnson_(Louisiana),J000299,0,0,17680
18314,mapln5bo,1,52,D,1,Rep,Ro Khanna,Ro,,Khanna,,,HD-CA-17,373494,29473,N00026427,281537,Ro_Khanna,K000389,0,0,0
18316,kvbno8r6,1,52,D,1,Rep,Raja Krishnamoorthi,Raja,,Krishnamoorthi,,,HD-IL-8,6265333,117519,N00033240,385662,Raja_Krishnamoorthi,K000391,0,0,0
18317,my6vsc0l,2,52,R,1,Rep,David Kustoff,David,,Kustoff,,,HD-TN-8,9383528,48997,N00025445,570162,David_Kustoff,K000392,0,0,0
18320,foub2xo0,2,52,R,2,Sen,Roger Marshall,Roger,W.,Marshall,,,SD-KS,8816503,172080,N00037034,536160,Roger_Marshall,M001198,0,0,0
18321,lfefmwns,2,52,R,1,Rep,Brian Mast,Brian,J.,Mast,,,HD-FL-21,32158682,166245,N00037269,541019,Brian_Mast,M001199,0,0,0
18326,wwhiv48t,1,52,D,1,Rep,Jimmy Panetta,Jimmy,,Panetta,,,HD-CA-19,35018515,169078,N00038601,561057,Jimmy_Panetta,P000613,0,0,0
18327,ne1btca3,1,52,D,1,Rep,Jamie Raskin,Jamie,,Raskin,,,HD-MD-8,1066956,65904,N00037036,248823,Jamie_Raskin,R000606,0,0,4691
18329,jgkrx0ce,1,52,D,2,Sen,Jacky Rosen,Jacky,,Rosen,,,SD-NV,39827617,169471,N00038734,567336,Jacky_Rosen,R000608,0,0,0
18330,flc8imp1,2,52,R,1,Rep,John Rutherford,John,H.,Rutherford,,,HD-FL-5,37039917,172542,N00039777,581000,John_Rutherford_(Florida),R000609,0,0,0
18331,qm5kg4tm,2,52,R,1,Rep,Lloyd Smucker,Lloyd,,Smucker,,,HD-PA-11,5582657,102454,N00038781,269658,Lloyd_Smucker,S001199,0,0,901
18332,fizx4b9o,1,52,D,1,Rep,Darren Soto,Darren,,Soto,,,HD-FL-9,198924,67618,N00037422,255376,Darren_Soto,S001200,0,0,1716
18333,0akuuwt3,1,52,D,1,Rep,Thomas Suozzi,Thomas,R.,Suozzi,,,HD-NY-3,12996931,92111,N00038742,462663,Tom_Suozzi,S001201,0,0,0
18335,xaopd1td,2,52,R,1,Rep,Claudia Tenney,Claudia,,Tenney,,,HD-NY-24,4644381,127668,N00036351,216162,Claudia_Tenney,T000478,0,0,11330
18413,i8432eqr,2,52,R,2,Sen,John Kennedy,John,,Kennedy,,,SD-LA,13010864,35496,N00026823,240389,John_Neely_Kennedy,K000393,0,0,0
18485,no060koh,1,52,D,2,Sen,Catherine Cortez Masto,Catherine,,Cortez Masto,,,SD-NV,13010255,69579,N00037161,252293,Catherine_Cortez_Masto,C001113,0,0,0
18486,8009qp8o,1,52,D,2,Sen,Margaret Hassan,Margaret,Wood,Hassan,,,SD-NH,9693318,42552,N00038397,227982,Maggie_Hassan,H001076,0,0,4797
19370,4216q1mj,2,52,R,1,Rep,Ron Estes,Ron,,Estes,,,HD-KS-4,6691026,125031,N00040712,311777,Ron_Estes_(U.S._House_representative),E000298,0,0,0
19407,5gfyvsdp,2,52,R,1,Rep,Ralph Norman,Ralph,W.,Norman,,,HD-SC-5,6126950,47930,N00027783,227505,Ralph_Norman,N000190,0,0,2286
19409,9eg16r7f,1,52,D,1,Rep,Jimmy Gomez,Jimmy,,Gomez,,,HD-CA-34,13008707,138524,N00040597,390070,Jimmy_Gomez,G000585,0,0,14105
19436,q54iookt,2,52,R,2,Sen,John Curtis,John,,Curtis,,,SD-UT,6444263,123390,N00041221,626323,John_Curtis_(Utah),C001114,0,0,0
19499,xk4y3m3y,1,52,D,2,Sen,Tina Smith,Tina,,Smith,,,SD-MN,4173995,152968,N00042353,332335,Tina_Smith,S001203,0,0,0
19622,0ya4l9wg,2,52,R,2,Sen,Cindy Hyde-Smith,Cindy,,Hyde-Smith,,,SD-MS,6408036,20784,N00043298,196212,Cindy_Hyde-Smith,H001079,0,0,6632
19664,her26bfa,2,52,R,1,Rep,Michael Cloud,Michael,,Cloud,,,HD-TX-27,44045161,177350,N00041882,636744,Michael_Cloud_(Texas),C001115,0,0,0
19676,aii9kehb,2,52,R,1,Rep,Troy Balderson,Troy,,Balderson,,,HD-OH-12,3499988,102781,N00042194,271784,Troy_Balderson,B001306,0,0,850
19692,ttdzm6wu,2,52,R,1,Rep,Kevin Hern,Kevin,,Hern,,,HD-OK-1,44044988,180004,N00040829,618789,Kevin_Hern,H001082,0,0,0
19693,wqycx9xg,1,52,D,1,Rep,Joseph Morelle,Joseph,D.,Morelle,,Joe,HD-NY-25,5413103,145182,N00043207,197784,Joseph_Morelle,M001206,0,0,1351
19694,gdvbkhz9,1,52,D,1,Rep,Mary Gay Scanlon,Mary,,Scanlon,,,HD-PA-5,44954452,178890,N00042706,655204,Mary_Gay_Scanlon,S001205,0,0,0
20042,n6smy528,2,52,R,1,Rep,James Baird,James,R.,Baird,,Jim,HD-IN-4,6682179,86013,N00041954,291484,James_Baird,B001307,0,0,10818
20044,zo7df675,2,52,R,1,Rep,Tim Burchett,Tim,,Burchett,,,HD-TN-2,6607163,24379,N00041594,198970,Tim_Burchett,B001309,0,0,7295
20045,a2aso5jv,1,52,D,1,Rep,Ed Case,Ed,,Case,,,HD-HI-1,10085353,3422,N00025882,193944,Ed_Case,C001055,0,0,0
20046,rytchshd,1,52,D,1,Rep,Sean Casten,Sean,,Casten,,,HD-IL-6,43471680,176982,N00041338,629120,Sean_Casten,C001117,0,0,0
20047,s8gvila1,2,52,R,1,Rep,Ben Cline,Ben,L.,Cline,,,HD-VA-6,6613874,50959,N00042296,212955,Ben_Cline,C001118,0,0,677
20048,3uco5608,1,52,D,1,Rep,Angela Craig,Angela,Dawn,Craig,,,HD-MN-2,32141809,166261,N00037039,536254,Angie_Craig,C001119,0,0,0
20049,v02baz57,2,52,R,1,Rep,Dan Crenshaw,Dan,,Crenshaw,,,HD-TX-2,44449939,177270,N00042224,644108,Daniel_Crenshaw,C001120,0,0,0
20050,xd7063do,1,52,D,1,Rep,Jason Crow,Jason,,Crow,,,HD-CO-6,44044490,180218,N00040876,621716,Jason_Crow,C001121,0,0,0
20052,7zksct5c,1,52,D,1,Rep,Gil Cisneros,Gil,,Cisneros,,,HD-CA-31,17779260,179370,N00041464,631203,Gil_Cisneros,C001123,0,0,0
20054,ue5szndm,1,52,D,1,Rep,Sharice Davids,Sharice,,Davids,,,HD-KS-3,15561443,181201,N00042626,655850,Sharice_Davids,D000629,0,0,0
20056,64vfxa51,1,52,D,1,Rep,Madeleine Dean,Madeleine,,Dean,,,HD-PA-4,4701392,136484,N00042894,569358,Madeleine_Dean,D000631,0,0,13961
20057,6pdl4n1z,1,52,D,1,Rep,Veronica Escobar,Veronica,,Escobar,,,HD-TX-16,44045126,99345,N00041702,634679,Veronica_Escobar,E000299,0,0,0
20059,xs2edxvf,1,52,D,1,Rep,Elizabeth Fletcher,Elizabeth,Pannill,Fletcher,,,HD-TX-7,44045104,177031,N00041194,625330,Lizzie_Pannill_Fletcher,F000468,0,0,0
20060,bu6y6nd5,2,52,R,1,Rep,Russ Fulcher,Russ,,Fulcher,,,HD-ID-1,6668632,33091,N00041335,239426,Russ_Fulcher,F000469,0,0,8082
20061,hgpd80bs,1,52,D,1,Rep,Jesus Garcia,Jesus,,Garcia,,Chuy,HD-IL-4,28299070,6261,N00042114,645347,Jesus_Garcia,G000586,0,0,0
20062,7x1uts8s,1,52,D,1,Rep,Sylvia Garcia,Sylvia,,Garcia,,,HD-TX-29,16351467,49734,N00042282,454041,Sylvia_Garcia,G000587,0,0,15961
20064,qq4mzp7h,2,52,R,1,Rep,Lance Gooden,Lance,,Gooden,,,HD-TX-5,6681277,116935,N00042237,236203,Lance_Gooden,G000589,0,0,11342
20065,ciu7yxo6,2,52,R,1,Rep,Mark Green,Mark,,Green,,,HD-TN-7,11030026,139030,N00041873,399479,Mark_Green_(Tennessee),G000590,0,0,14056
20066,j5fkx86s,2,52,R,1,Rep,Michael Guest,Michael,,Guest,,,HD-MS-3,16352053,179667,N00042458,651006,Michael_Guest,G000591,0,0,0
20067,omf1h5se,1,52,D,1,Rep,Jared Golden,Jared,,Golden,,,HD-ME-2,23424266,151420,N00041668,372438,Jared_Golden,G000592,0,0,16636
20069,bfp27mah,1,52,D,1,Rep,Jahana Hayes,Jahana,,Hayes,,,HD-CT-5,45681143,181744,N00043421,666101,Jahana_Hayes,H001081,0,0,0
20071,jtfybl9j,1,52,D,1,Rep,Chrissy Houlahan,Chrissy,,Houlahan,,,HD-PA-6,44045003,178893,N00040949,621721,Chrissy_Houlahan,H001085,0,0,0
20074,5i07cyjn,1,52,D,1,Rep,Josh Harder,Josh,,Harder,,,HD-CA-9,43937863,179326,N00040853,624344,Josh_Harder,H001090,0,0,0
20075,r8owixum,2,52,R,1,Rep,Dusty Johnson,Dusty,,Johnson,,,HD-SD,43398875,48307,N00040559,240544,Dusty_Johnson,J000301,0,0,0
20076,yfzzetnh,2,52,R,1,Rep,John Joyce,John,,Joyce,,,HD-PA-13,44955073,178911,N00043242,659206,John_Joyce_(Pennsylvania),J000302,0,0,0
20077,eazqck92,1,52,D,2,Sen,Andy Kim,Andy,,Kim,,,SD-NJ,44044858,179640,N00041370,628795,Andrew_Kim_(New_Jersey),K000394,0,0,0
20078,3v5vyjqg,1,52,D,1,Rep,Suzanne Lee,Suzanne,Kelley,Lee,,Susie,HD-NV-3,9713907,169344,N00037247,541030,Susie_Lee,L000590,0,0,0
20081,cn1wguew,1,52,D,1,Rep,Mike Levin,Mike,,Levin,,,HD-CA-49,44044456,179416,N00040667,617967,Mike_Levin,L000593,0,0,0
20083,tog1c8nl,2,52,R,1,Rep,Dan Meuser,Dan,,Meuser,,,HD-PA-9,4671601,102438,N00029416,331999,Dan_Meuser,M001204,0,0,0
20084,jgz93z1y,2,52,R,1,Rep,Carol Miller,Carol,D.,Miller,,,HD-WV-1,6659422,52123,N00041542,249553,Carol_Miller_(West_Virginia),M001205,0,0,57
20086,mx4wqyxe,1,52,D,1,Rep,Lucy McBath,Lucy,,McBath,,,HD-GA-7,44893293,178538,N00042813,658185,Lucy_McBath,M001208,0,0,0
20088,3omk7yar,1,52,D,1,Rep,Joseph Neguse,Joseph,,Neguse,,,HD-CO-2,23406914,151075,N00041080,485964,Joe_Neguse,N000191,0,0,0
20089,bo9op4iq,1,52,D,1,Rep,Alexandria Ocasio-Cortez,Alexandria,,Ocasio-Cortez,,,HD-NY-14,43884749,180416,N00041162,624858,Alexandria_Ocasio-Cortez,O000172,0,0,0
20090,32tjrlyp,1,52,D,1,Rep,Ilhan Omar,Ilhan,,Omar,,,HD-MN-5,40606750,171628,N00043581,583510,Ilhan_Omar,O000173,0,0,18401
20091,wl661lbn,1,52,D,1,Rep,Christopher Pappas,Christopher,C.,Pappas,,Chris,HD-NH-1,6394987,42635,N00042161,213040,Chris_Pappas,P000614,0,0,0
20094,8q0j3im4,1,52,D,1,Rep,Ayanna Pressley,Ayanna,S.,Pressley,,,HD-MA-7,45365104,122700,N00042581,234321,Ayanna_Pressley,P000617,0,0,0
20096,fkmxwvoo,2,52,R,1,Rep,Guy Reschenthaler,Guy,,Reschenthaler,,,HD-PA-14,24650451,166004,N00041871,560660,Guy_Reschenthaler,R000610,0,0,17726
20098,vfwl31f5,2,52,R,1,Rep,John Rose,John,W.,Rose,,,HD-TN-6,44045074,180452,N00041599,632997,John_Rose_(Tennessee),R000612,0,0,0
20100,cqzhn7pe,2,52,R,1,Rep,Chip Roy,Chip,,Roy,,,HD-TX-21,44449969,177319,N00042268,223268,Chip_Roy,R000614,0,0,0
20103,clc8hanm,1,52,D,1,Rep,Rebecca Sherrill,Rebecca,Michelle,Sherrill,,Mikie,HD-NJ-11,43965079,179651,N00041154,625260,Mikie_Sherrill,S001207,0,0,0
20104,urw0w0iq,1,52,D,2,Sen,Elissa Slotkin,Elissa,,Slotkin,,,SD-MI,44044762,181080,N00041357,261745,Elissa_Slotkin,S001208,0,0,0
20107,pmq7yftp,1,52,D,1,Rep,Greg Stanton,Greg,,Stanton,,,HD-AZ-4,44044364,72030,N00041750,638908,Greg_Stanton,S001211,0,0,0
20108,1zy2f82t,2,52,R,1,Rep,Pete Stauber,Pete,,Stauber,,,HD-MN-8,44044791,159954,N00041511,630211,Pete_Stauber,S001212,0,0,0
20109,bd7h9wdk,2,52,R,1,Rep,Bryan Steil,Bryan,,Steil,,,HD-WI-1,45356811,181289,N00043379,664604,Bryan_Steil,S001213,0,0,0
20110,a7fpcibx,2,52,R,1,Rep,Greg Steube,Greg,,Steube,,,HD-FL-17,6692870,117248,N00042808,289471,Greg_Steube,S001214,0,0,12397
20111,lr9fsdh3,1,52,D,1,Rep,Haley Stevens,Haley,,Stevens,,,HD-MI-11,44044764,181092,N00040915,623571,Haley_Stevens,S001215,0,0,0
20112,4cjgano2,1,52,D,1,Rep,Kim Schrier,Kim,,Schrier,,,HD-WA-8,44045231,181124,N00041606,632874,Kim_Schrier,S001216,0,0,0
20114,sbb50n88,2,52,R,1,Rep,William Timmons,William,R.,Timmons,IV,,HD-SC-4,20742278,168923,N00042715,575426,William_Timmons,T000480,0,0,18035
20115,pie8gfo6,1,52,D,1,Rep,Rashida Tlaib,Rashida,,Tlaib,,,HD-MI-12,13002117,105368,N00042649,268236,Rashida_Tlaib,T000481,0,0,2820
20116,6vjcpbk4,1,52,D,1,Rep,Lori Trahan,Lori,,Trahan,,,HD-MA-3,15875826,182310,N00041808,636951,Lori_Trahan,T000482,0,0,0
20119,47xhlnm7,1,52,D,1,Rep,Lauren Underwood,Lauren,A.,Underwood,,,HD-IL-14,44044644,177001,N00041569,601601,Lauren_Underwood,U000040,0,0,0
20120,nuddykio,2,52,R,1,Rep,Jeff Van Drew,Jeff,,Van Drew,,,HD-NJ-2,6389812,24685,N00042164,209970,Jeff_Van_Drew,V000133,0,0,3153
20121,jgbq6rbf,2,52,R,1,Rep,Michael Waltz,Michael,,Waltz,,,HD-FL-6,45399438,182261,N00042403,652214,Michael_Waltz,W000823,0,0,0
20295,r2b3zv8g,2,52,R,2,Sen,Josh Hawley,Joshua,David,Hawley,,Josh,SD-MO,16205449,169716,N00041620,572072,Josh_Hawley,H001089,0,0,0
20297,9aqi5rh3,2,52,R,2,Sen,Rick Scott,Richard,L.,Scott,,Rick,SD-FL,422306,124204,N00043290,289276,Rick_Scott,S001217,0,0,0
21386,nbwt47im,2,52,R,1,Rep,Greg Murphy,Gregory,Francis,Murphy,,Greg,HD-NC-3,166135,5975268,N00044027,558576,Gregory_Murphy,M001210,0,0,17875
21642,epwa383j,1,52,D,1,Rep,Kweisi Mfume,Kweisi,,Mfume,,,HD-MD-7,15479665,26892,N00001799,722075,Kweisi_Mfume,M000687,0,0,0
21647,u6uhwq63,2,52,R,1,Rep,Tom Tiffany,Tom,,Tiffany,,,HD-WI-7,48524679,51831,N00045307,310033,Tom_Tiffany,T000165,0,0,12301
21702,c8fd3zmw,1,52,D,2,Sen,Mark Kelly,Mark,,Kelly,,,SD-AZ,48160599,190594,N00044223,709398,Mark_Kelly,K000377,0,0,0
21922,z6b0865w,2,52,R,1,Rep,Barry Moore,Felix,Barry,Moore,,Barry,HD-AL-2,12997504,121792,N00041295,290770,Barry_Moore_(Alabama),M001212,0,0,12501
21923,0fh0a2gj,1,52,D,1,Rep,Sara Jacobs,Sara,J.,Jacobs,,,HD-CA-51,19388816,179414,N00042081,644085,Sara_Jacobs,J000305,0,0,0
21924,n6djpvpp,2,52,R,1,Rep,Young Kim,Young,,Kim,,,HD-CA-40,22215539,151787,N00042386,494206,Young_Kim_(California),K000397,0,0,16292
21925,l4oudi6e,2,52,R,1,Rep,Jay Obernolte,Jay,P.,Obernolte,,,HD-CA-23,13479345,151831,N00045377,494135,Jay_Obernolte,O000019,0,0,16298
21927,tmoreue5,2,52,R,1,Rep,Lauren Boebert,Lauren,,Boebert,,,HD-CO-3,19528829,191290,N00045974,724132,Lauren_Boebert,B000825,0,0,0
21928,6aoc44nq,2,52,R,1,Rep,Kat Cammack,Kat,,Cammack,,,HD-FL-3,49284296,191306,N00045978,447426,Kat_Cammack,C001039,0,0,0
21929,nnf8tn83,2,52,R,1,Rep,Byron Donalds,Byron,,Donalds,,,HD-FL-19,17657863,137655,N00034016,391126,Byron_Donalds,D000032,0,0,18109
21930,m8rwshmx,2,52,R,1,Rep,Scott Franklin,Scott,,Franklin,,,HD-FL-18,49846565,191355,N00046760,735595,Scott_Franklin,F000472,0,0,0
21931,v8f2spmx,2,52,R,1,Rep,Carlos Gimenez,Carlos,,Gimenez,,,HD-FL-28,49846593,81366,N00046394,731724,Carlos_Gimenez,G000593,0,0,0
21932,r7glzu6y,2,52,R,1,Rep,Maria Salazar,Maria,Elvira,Salazar,,,HD-FL-27,45399472,182300,N00042810,658161,Maria_Elvira_Salazar,S000168,0,0,0
21934,xfgfdpcq,2,52,R,1,Rep,Andrew Clyde,Andrew,,Clyde,,,HD-GA-9,49394308,189770,N00046654,733887,Andrew_Clyde,C001116,0,0,0
21935,21y0ga9h,2,52,R,1,Rep,Marjorie Greene,Marjorie,Taylor,Greene,,,HD-GA-14,48161226,189785,N00044701,707878,Marjorie_Taylor_Greene,G000596,0,0,0
21936,n4prpgbl,1,52,D,1,Rep,Nikema Williams,Nikema,,Williams,,,HD-GA-5,26177470,176751,N00047361,648743,Nikema_Williams,W000788,0,0,19535
21938,hesujqm7,2,52,R,1,Rep,Randy Feenstra,Randy,L.,Feenstra,,,HD-IA-4,6079832,103301,N00044011,271911,Randy_Feenstra,F000446,0,0,7148
21939,zj18zmyg,2,52,R,1,Rep,Ashley Hinson,Ashley,E.,Hinson,,,HD-IA-2,38148887,168783,N00044521,572935,Ashley_Hinson,H001091,0,0,18956
21940,li3dutka,2,52,R,1,Rep,Mariannette Miller-Meeks,Mariannette,J.,Miller-Meeks,,,HD-IA-1,6022032,103294,N00029495,267080,Mariannette_Miller-Meeks,M001215,0,0,21098
21941,meparsvp,2,52,R,1,Rep,Mary Miller,Mary,,Miller,,,HD-IL-15,48161308,187988,N00045703,721413,Mary_Miller_(Illinois),M001211,0,0,0
21943,64slefqy,1,52,D,1,Rep,Frank Mrvan,Frank,J.,Mrvan,Jr.,,HD-IN-1,6393363,113775,N00045905,722372,Frank_Mrvan_(Indiana_congressional_candidate),M001214,0,0,0
21944,hksmuovv,2,52,R,1,Rep,Victoria Spartz,Victoria,K.,Spartz,,,HD-IN-5,6986460,178203,N00046537,638877,Victoria_Spartz,S000929,0,0,19458
21946,tangsk64,2,52,R,1,Rep,Tracey Mann,Tracey,,Mann,,,HD-KS-1,15488021,125007,N00030743,284640,Tracey_Mann,M000871,0,0,0
21947,3qw9rp5n,1,52,D,1,Rep,Jake Auchincloss,Jake,,Auchincloss,,,HD-MA-4,48161414,173832,N00045506,719720,Jake_Auchincloss,A000148,0,0,0
21948,8bibtcrv,2,52,R,1,Rep,Lisa McClain,Lisa,,McClain,,,HD-MI-9,49944007,191633,N00045730,721727,Lisa_McClain,M001136,0,0,0
21950,ss0arjml,2,52,R,1,Rep,Michelle Fischbach,Michelle,,Fischbach,,,HD-MN-7,13012379,3882,N00045251,195769,Michelle_Fischbach,F000470,0,0,6474
21955,d0quaw5t,1,52,D,1,Rep,Deborah Ross,Deborah,,Ross,,,HD-NC-2,5853356,41560,N00038565,211983,Deborah_Ross,R000305,0,0,2119
21957,adh14aa5,1,52,D,1,Rep,Teresa Fernandez,Teresa,Leger,Fernandez,,,HD-NM-3,1921149,189882,N00044559,453352,Teresa_Leger_Fernandez,L000273,0,0,0
21959,osz2vvaz,2,52,R,1,Rep,Andrew Garbarino,Andrew,R.,Garbarino,,,HD-NY-2,15666124,143103,N00046030,433049,Andrew_Garbarino,G000597,0,0,14749
21961,f7cd23g4,2,52,R,1,Rep,Nicole Malliotakis,Nicole,,Malliotakis,,,HD-NY-11,13009241,127929,N00044040,309650,Nicole_Malliotakis,M000317,0,0,11105
21962,v3uhlrlu,1,52,D,1,Rep,Ritchie Torres,Ritchie,John,Torres,,,HD-NY-15,48161012,161718,N00044346,703996,Ritchie_Torres,T000486,0,0,0
21963,4l5vd66s,2,52,R,1,Rep,Stephanie Bice,Stephanie,,Bice,,,HD-OK-5,23442515,152294,N00044579,495403,Stephanie_Bice,B000740,0,0,16958
21964,hu876n3v,2,52,R,1,Rep,Cliff Bentz,Cliff,B.,Bentz,,,HD-OR-2,4964521,102400,N00045773,262468,Cliff_Bentz,B000668,0,0,6215
21965,m0fy0tv1,2,52,R,1,Rep,Nancy Mace,Nancy,,Mace,,,HD-SC-1,23424620,146076,N00035670,466143,Nancy_Mace,M000194,0,0,19545
21966,q1jc8j5b,2,52,R,1,Rep,Diana Harshbarger,Diana,,Harshbarger,,,HD-TN-1,49626376,190524,N00046688,734559,Diana_Harshbarger,H001086,0,0,0
21967,5bcp8t50,2,52,R,1,Rep,Patrick Fallon,Patrick,,Fallon,,Pat,HD-TX-4,12553367,115056,N00047264,414616,Pat_Fallon,F000246,0,0,14569
21968,9a6lbhre,2,52,R,1,Rep,Ernest Gonzales,Ernest,Anthony,Gonzales,II,Tony,HD-TX-23,48161835,188225,N00044592,706319,Tony_Gonzales,G000594,0,0,0
21969,repkb6w1,2,52,R,1,Rep,Ronny Jackson,Ronny,,Jackson,,,HD-TX-13,48644982,188325,N00046055,342600,Ronny_Jackson,J000304,0,0,0
21970,x0zaa9xd,2,52,R,1,Rep,Troy Nehls,Troy,,Nehls,,,HD-TX-22,48645001,188334,N00046067,719080,Troy_Nehls,N000026,0,0,0
21971,a4hz6x9i,2,52,R,1,Rep,August Pfluger,August,Lee,Pfluger,II,,HD-TX-11,48161883,188165,N00045421,717802,August_Pfluger,P000048,0,0,0
21972,57vjrlfd,2,52,R,1,Rep,Elizabeth Van Duyne,Elizabeth,Ann,Van Duyne,,Beth,HD-TX-24,48161909,79150,N00045167,661605,Beth_Van_Duyne,V000134,0,0,0
21973,3ejqjytg,2,52,R,1,Rep,Blake Moore,Blake,David,Moore,,,HD-UT-1,49449645,191164,N00046598,732706,Blake_Moore,M001213,0,0,0
21974,ds1jt8in,2,52,R,1,Rep,Burgess Owens,Burgess,,Owens,,,HD-UT-4,24352095,191166,N00045812,722306,Burgess_Owens,O000086,0,0,0
21976,90b3h640,1,52,D,1,Rep,Marilyn Strickland,Marilyn,,Strickland,,,HD-WA-10,49946469,80596,N00046320,727678,Marilyn_Strickland,S001159,0,0,0
21977,udjuvnqs,2,52,R,1,Rep,Scott Fitzgerald,Scott,L.,Fitzgerald,,,HD-WI-5,13013877,3446,N00045434,199880,Scott_Fitzgerald,F000471,0,0,3920
22003,uikvpmn3,2,52,R,2,Sen,Tommy Tuberville,Thomas,H.,Tuberville,,Tommy,SD-AL,48161175,188306,N00044434,703296,Tommy_Tuberville,T000278,0,0,0
22004,jm9d1r57,1,52,D,2,Sen,John Hickenlooper,John,W.,Hickenlooper,,,SD-CO,6001155,71547,N00044206,288619,John_Hickenlooper,H000273,0,0,0
22005,n83iln24,2,52,R,2,Sen,Bill Hagerty,William,F.,Hagerty,IV,Bill,SD-TN,2170351,128466,N00045369,333606,Bill_Hagerty,H000601,0,0,0
22485,qvqzpvm8,1,52,D,2,Sen,Jon Ossoff,Thomas,Jonathan,Ossoff,,Jon,SD-GA,43492014,176134,N00040675,251917,Jon_Ossoff,O000174,0,0,0
22486,xs0w7jfs,1,52,D,2,Sen,Alex Padilla,Alex,,Padilla,,,SD-CA,6468901,59742,N00047888,248511,Alex_Padilla,P000145,0,0,1596
22487,5yderwpg,1,52,D,2,Sen,Raphael Warnock,Raphael,G.,Warnock,,,SD-GA,18063880,189794,N00046489,730636,Raphael_Warnock,W000790,0,0,0
22915,9al4kovy,2,52,R,1,Rep,Julia Letlow,Julia,Janelle,Letlow,,,HD-LA-5,52851959,195745,N00047972,768497,Julia_Letlow,L000595,0,0,0
22929,ndmtm3it,1,52,D,1,Rep,Troy Carter,Troy,,Carter,,,HD-LA-2,5051668,35462,N00025766,266759,Troy_Carter,C001125,0,0,17880
22939,wfmzd4jc,1,52,D,1,Rep,Melanie Stansbury,Melanie,Ann,Stansbury,,,HD-NM-1,44581391,180789,N00047871,461875,Melanie_Ann_Stansbury,S001218,0,0,20924
22947,9ltdxb73,2,52,R,1,Rep,Jake Ellzey,John,K.,Ellzey,Sr.,Jake,HD-TX-6,22214513,68070,N00042243,533891,Jake_Ellzey,E000071,0,0,22430
22966,c74atuk2,1,52,D,1,Rep,Shontel Brown,Shontel,,Brown,,,HD-OH-11,2964354,161622,N00047875,772727,Shontel_Brown,B001313,0,0,0
22967,luj8q7rc,2,52,R,1,Rep,Mike Carey,Mike,,Carey,,,HD-OH-15,12101236,196349,N00048568,776441,Mike_Carey_(Ohio),C001126,0,0,0
23048,8w2noj9v,1,52,D,1,Rep,Sheila Cherfilus-McCormick,Sheila,,Cherfilus-McCormick,,,HD-FL-20,0,182285,N00043504,665191,Sheila_Cherfilus-McCormick,C001127,0,0,0
23161,hj4ydmhp,2,52,R,1,Rep,Mike Flood,Mike,,Flood,,,HD-NE-1,6560805,41983,,227029,Mike_Flood,F000474,0,0,6931
23162,nnuydsw9,2,52,R,1,Rep,Brad Finstad,Brad,,Finstad,,,HD-MN-1,6597648,38612,N00050649,212943,Brad_Finstad,F000475,0,0,0
23173,2cma4mxv,1,52,D,1,Rep,Pat Ryan,Pat,,Ryan,,,HD-NY-18,44044931,180314,N00041165,627919,Pat_Ryan_(New_York),R000579,0,0,0
23182,d9xrip0d,2,52,R,1,Rep,Rudolph Yakym III,Rudolph,,Yakym,III,Rudy,HD-IN-2,0,210545,,0,Rudy_Yakym,Y000067,0,0,0
23997,5z7epvoj,2,52,R,1,Rep,Mark Alford,Mark,,Alford,,,HD-MO-4,0,205858,,0,Mark_Alford,A000379,0,0,0
23998,69pyyv23,2,52,R,1,Rep,Aaron Bean,Aaron,,Bean,,,HD-FL-4,0,53932,,0,Aaron_Bean,B001314,0,0,15774
23999,qdl1hdjc,1,52,D,1,Rep,Nikki Budzinski,Nikki,,Budzinski,,,HD-IL-13,0,204328,,0,Nikki_Budzinski,B001315,0,0,0
24000,i2f7xgaz,2,52,R,1,Rep,Eric Burlison,Eric,,Burlison,,,HD-MO-7,0,104635,,0,Eric_Burlison,B001316,0,0,7516
24001,f5m3mhg0,2,52,R,1,Rep,Josh Brecheen,Josh,,Brecheen,,,HD-OK-2,0,124973,,0,Josh_Brecheen,B001317,0,0,12126
24002,b0ijn7b8,1,52,D,1,Rep,Becca Balint,Becca,,Balint,,,HD-VT,0,154056,,0,Becca_Balint,B001318,0,0,17113
24003,xy5va846,2,52,R,1,Rep,Mike Collins,Mike,,Collins,,,HD-GA-10,0,151225,,0,Mike_Collins_(Georgia),C001129,0,0,0
24004,60cnh5zu,1,52,D,1,Rep,Jasmine Crockett,Jasmine,,Crockett,,,HD-TX-30,0,188486,,0,Jasmine_Crockett,C001130,0,0,22429
24005,6gjke85u,1,52,D,1,Rep,Greg Casar,Greg,,Casar,,,HD-TX-35,0,161953,,0,Greg_Casar,C001131,0,0,0
24006,ka83ezh4,2,52,R,1,Rep,Elijah Crane,Elijah,,Crane,,,HD-AZ-2,0,205885,,0,Eli_Crane,C001132,0,0,0
24007,2lohiw3j,2,52,R,1,Rep,Juan Ciscomani,Juan,,Ciscomani,,,HD-AZ-6,0,106728,,0,Juan_Ciscomani,C001133,0,0,0
24010,ro4rptlb,1,52,D,1,Rep,Donald Davis,Donald,G.,Davis,,Don,HD-NC-1,0,102950,,0,Donald_Davis,D000230,0,0,2165
24011,3cjmrfqe,1,52,D,1,Rep,Christopher Deluzio,Christopher,R.,Deluzio,,Chris,HD-PA-17,0,202954,,0,Christopher_Deluzio,D000530,0,0,0
24012,mnp2k03h,2,52,R,1,Rep,Monica De La Cruz,Monica,,De La Cruz,,,HD-TX-15,0,188292,,0,Monica_De_La_Cruz,D000594,0,0,0
24015,u73ke64w,2,52,R,1,Rep,Mike Ezell,Mike,,Ezell,,,HD-MS-4,0,202526,,0,Mike_Ezell,E000235,0,0,0
24016,8fipzkjy,2,52,R,1,Rep,Chuck Edwards,Charles,,Edwards,,Chuck,HD-NC-11,0,166600,,0,Chuck_Edwards,E000246,0,0,18062
24017,h8v0p6ju,1,52,D,1,Rep,Maxwell Frost,Maxwell,Alejandro,Frost,,,HD-FL-10,0,209096,,0,Maxwell_Alejandro_Frost,F000476,0,0,0
24018,wkrm3izc,1,52,D,1,Rep,Valerie Foushee,Valerie,P.,Foushee,,,HD-NC-4,0,93091,,0,Valerie_Foushee,F000477,0,0,14616
24019,k9uqc6mh,2,52,R,1,Rep,Russell Fry,Russell,,Fry,,,HD-SC-7,0,157265,,0,Russell_Fry,F000478,0,0,17737
24020,43tsyjhu,1,52,D,1,Rep,Robert Garcia,Robert,,Garcia,,,HD-CA-42,0,29749,,0,Robert_Garcia_(California),G000598,0,0,0
24021,imessbim,1,52,D,1,Rep,Daniel Goldman,Daniel,S.,Goldman,,,HD-NY-10,0,208627,,0,Daniel_Goldman,G000599,0,0,0
24022,mzhnsrg3,1,52,D,1,Rep,Marie Gluesenkamp Perez,Marie,,Gluesenkamp Perez,,,HD-WA-3,0,207307,,0,Marie_Gluesenkamp_Perez,G000600,0,0,0
24023,cn8ra6ur,2,52,R,1,Rep,Erin Houchin,Erin,,Houchin,,,HD-IN-9,0,149614,,0,Erin_Houchin,H001093,0,0,16533
24024,1mfvoxo7,1,52,D,1,Rep,Val Hoyle,Val,T.,Hoyle,,,HD-OR-4,0,116336,,0,Val_Hoyle,H001094,0,0,6230
24025,aigqyfff,2,52,R,1,Rep,Wesley Hunt,Wesley,,Hunt,,,HD-TX-38,0,188147,,0,Wesley_Hunt_(Texas_Congress),H001095,0,0,0
24026,jebw9c7u,2,52,R,1,Rep,Harriet Hageman,Harriet,M.,Hageman,,,HD-WY,0,182961,,0,Harriet_Hageman,H001096,0,0,0
24027,37gl3dyr,1,52,D,1,Rep,Glenn Ivey,Glenn,,Ivey,,,HD-MD-4,0,166279,,0,Glenn_Ivey,I000058,0,0,0
24028,ggwf09z2,2,52,R,1,Rep,John James,John,,James,,,HD-MI-10,0,181062,,0,John_James_(Michigan),J000307,0,0,0
24030,ye1dkrv0,1,52,D,1,Rep,Jonathan Jackson,Jonathan,L.,Jackson,,,HD-IL-1,0,204284,,0,Jonathan_Jackson_(Illinois),J000309,0,0,0
24031,v9e6a71p,2,52,R,1,Rep,Thomas Kean,Thomas,H.,Kean,Jr.,,HD-NJ-7,0,43250,,0,Thomas_Kean_Jr.,K000398,0,0,3164
24032,sczd4c5b,2,52,R,1,Rep,Jennifer Kiggans,Jennifer,,Kiggans,,,HD-VA-2,0,186387,,0,Jennifer_Kiggans,K000399,0,0,21448
24033,x3crkx3z,1,52,D,1,Rep,Sydney Kamlager-Dove,Sydney,,Kamlager-Dove,,,HD-CA-37,0,178079,,0,Sydney_Kamlager-Dove,K000400,0,0,19627
24034,5kms13xw,2,52,R,1,Rep,Kevin Kiley,Kevin,,Kiley,,,HD-CA-3,0,169303,,0,Kevin_Kiley,K000401,0,0,18071
24035,cgyrto9z,2,52,R,1,Rep,Anna Luna,Anna,Paulina,Luna,,,HD-FL-13,0,191344,,0,Anna_Paulina_Luna,L000596,0,0,0
24036,w2q3cz7x,2,52,R,1,Rep,Laurel Lee,Laurel,M.,Lee,,,HD-FL-15,0,186114,,0,Laurel_Lee,L000597,0,0,0
24037,atp2pl3v,2,52,R,1,Rep,Nick LaLota,Nicholas,J.,LaLota,,Nick,HD-NY-1,0,191957,,0,Nicholas_J._LaLota,L000598,0,0,0
24038,fgm5xr9f,2,52,R,1,Rep,Michael Lawler,Michael,,Lawler,,,HD-NY-17,0,192271,,0,Michael_Lawler_(New_York),L000599,0,0,22262
24039,a7p72wxh,2,52,R,1,Rep,Nicholas Langworthy,Nicholas,A.,Langworthy,,,HD-NY-23,0,208663,,0,Nicholas_A._Langworthy,L000600,0,0,0
24040,dqvhgpdo,1,52,D,1,Rep,Greg Landsman,Greg,,Landsman,,,HD-OH-1,0,186237,,0,Greg_Landsman,L000601,0,0,0
24041,l6mkki00,1,52,D,1,Rep,Summer Lee,Summer,L.,Lee,,,HD-PA-12,0,179240,,0,Summer_Lee,L000602,0,0,19984
24042,nqkudebp,2,52,R,1,Rep,Morgan Luttrell,Morgan,,Luttrell,,,HD-TX-8,0,200930,,0,Morgan_Luttrell,L000603,0,0,0
24043,9pnzm67a,2,52,R,1,Rep,Cory Mills,Cory,,Mills,,,HD-FL-7,0,209085,,0,Cory_Mills,M001216,0,0,0
24044,fnbvq8zz,1,52,D,1,Rep,Jared Moskowitz,Jared,,Moskowitz,,,HD-FL-23,0,138155,,0,Jared_Moskowitz,M001217,0,0,15621
24045,z1hvio15,2,52,R,1,Rep,Richard McCormick,Richard,,McCormick,,Rich,HD-GA-6,0,189765,,0,Rich_McCormick,M001218,0,0,0
24046,st9wzra0,1,52,D,1,Rep,Morgan McGarvey,Morgan,,McGarvey,,,HD-KY-3,0,139826,,0,Morgan_McGarvey,M001220,0,0,14927
24048,klshbo22,2,52,R,1,Rep,Max Miller,Max,L.,Miller,,,HD-OH-7,0,206947,,0,Max_Miller,M001222,0,0,0
24049,qugy5otc,1,52,D,1,Rep,Seth Magaziner,Seth,,Magaziner,,,HD-RI-2,0,154457,,0,Seth_Magaziner,M001223,0,0,0
24050,61763t2y,2,52,R,1,Rep,Nathaniel Moran,Nathaniel,,Moran,,,HD-TX-1,0,79156,,0,Nathaniel_Moran,M001224,0,0,0
24051,7z1vjzm5,1,52,D,1,Rep,Kevin Mullin,Kevin,,Mullin,,,HD-CA-15,0,105586,,0,Kevin_Mullin_(California),M001225,0,0,14115
24052,xtua7l27,1,52,D,1,Rep,Robert Menendez,Robert,,Menendez,,Rob,HD-NJ-8,0,205678,,0,Rob_Menendez_(New_Jersey),M001226,0,0,0
24053,d6p4ilmt,2,52,R,1,Rep,Zachary Nunn,Zachary,,Nunn,,Zach,HD-IA-3,0,151170,,0,Zach_Nunn,N000193,0,0,17395
24055,nrb9q75z,2,52,R,1,Rep,Andrew Ogles,Andrew,,Ogles,,Andy,HD-TN-5,0,48673,,0,Andrew_Ogles,O000175,0,0,0
24056,6ytb7lul,1,52,D,1,Rep,Brittany Pettersen,Brittany,,Pettersen,,,HD-CO-7,0,138744,,0,Brittany_Pettersen,P000620,0,0,14279
24057,l0ympizj,1,52,D,1,Rep,Delia Ramirez,Delia,C.,Ramirez,,,HD-IL-3,0,177128,,0,Delia_Ramirez,R000617,0,0,20195
24058,1ezf6heo,2,52,R,1,Rep,Dale Strong,Dale,W.,Strong,,,HD-AL-5,0,81485,,0,Dale_Strong,S001220,0,0,0
24059,j4jwsyw5,1,52,D,1,Rep,Hillary Scholten,Hillary,J.,Scholten,,,HD-MI-3,0,191584,,0,Hillary_Scholten,S001221,0,0,0
24061,w00dbdao,1,52,D,1,Rep,Emilia Sykes,Emilia,Strong,Sykes,,,HD-OH-13,0,152164,,0,Emilia_Sykes,S001223,0,0,16970
24062,4sbc6bxz,2,52,R,1,Rep,Keith Self,Keith,,Self,,,HD-TX-3,0,97491,,0,Keith_Self,S001224,0,0,0
24063,ycb7okbe,1,52,D,1,Rep,Eric Sorensen,Eric,,Sorensen,,,HD-IL-17,0,204339,,0,Eric_Sorensen,S001225,0,0,0
24064,f59u7g2h,1,52,D,1,Rep,Andrea Salinas,Andrea,,Salinas,,,HD-OR-6,0,178196,,0,Andrea_Salinas,S001226,0,0,19541
24065,u7dspu3v,1,52,D,1,Rep,Jill Tokuda,Jill,N.,Tokuda,,,HD-HI-2,0,68493,,0,Jill_Tokuda,T000487,0,0,8449
24066,bg5uyv29,1,52,D,1,Rep,Shri Thanedar,Shri,,Thanedar,,,HD-MI-13,0,182346,,0,Shri_Thanedar,T000488,0,0,22479
24067,5u3zr6ni,2,52,R,1,Rep,Derrick Van Orden,Derrick,,Van Orden,,,HD-WI-3,0,192343,,0,Derrick_Van_Orden,V000135,0,0,0
24068,t1eird11,1,52,D,1,Rep,Gabe Vasquez,Gabriel,,Vasquez,,Gabe,HD-NM-2,0,192343,,0,Gabriel_Vasquez,V000136,0,0,0
24071,zpq5ktdu,2,52,R,1,Rep,James Moylan,James,C.,Moylan,,,HD-GU,0,209781,,0,James_Moylan,M001219,0,0,0
24548,fqwttmu8,2,52,R,2,Sen,Katie Boyd Britt,Katie,,Boyd Britt,,,SD-AL,0,201704,,596651,Katie_Britt,B001319,0,0,0
24549,fiejoqwt,1,52,D,2,Sen,John Fetterman,John,K.,Fetterman,,,SD-PA,15982010,166286,,552695,John_Fetterman,F000479,0,0,0
24828,va2e2x80,2,52,R,2,Sen,J.D. Vance,J.D.,,Vance,,,SD-OH,0,201794,,781111,J.D._Vance,V000137,0,0,0
24863,22ao4tcr,2,52,R,2,Sen,Pete Ricketts,John,Peter,Ricketts,,Pete,SD-NE,5723939,57777,,0,Pete_Ricketts,R000618,0,0,0
24864,1pl5bq82,2,52,R,2,Sen,Eric Schmitt,Eric,,Schmitt,,,SD-MO,6676482,150182,,229398,Eric_Schmitt,S001227,0,0,7692
24913,nur3um73,1,52,D,1,Rep,Jennifer McClellan,Jennifer,,McClellan,,,HD-VA-4,5703418,58655,,241253,Jennifer_McClellan,M001227,0,0,718
24963,00oe17xw,1,52,D,1,Rep,Gabe Amo,Gabe,,Amo,,,HD-RI-1,0,212295,,0,Gabe_Amo,A000380,0,0,0
24984,et1nurfl,2,52,R,1,Rep,Celeste Maloy,Celeste,,Maloy,,,HD-UT-2,0,212289,,0,Celeste_Maloy,M001228,0,0,0
25201,b1ts1aiw,1,52,D,1,Rep,Timothy Kennedy,Timothy,M.,Kennedy,,Tim,HD-NY-26,4689854,91670,,0,Tim_Kennedy_(New_York),K000402,0,0,11114
25204,07ojd34c,2,52,R,1,Rep,Vince Fong,Vince,,Fong,,,HD-CA-20,39707425,169357,,224498,Vince_Fong,F000480,0,0,19330
25207,ymurg8sq,2,52,R,1,Rep,Michael Rulli,Michael,A.,Rulli,,,HD-OH-6,44423028,179016,,0,Michael_Rulli,R000619,0,0,20198
25216,k7tkktgp,1,52,D,1,Rep,LaMonica McIver,LaMonica,,McIver,,,HD-NJ-10,0,186801,,0,LaMonica_McIver,M001229,0,0,0
25234,d2psfvlf,2,52,R,1,Rep,Tony Wied,Tony,,Wied,,,HD-WI-8,0,218131,,0,Tony_Wied,W000829,0,0,0
25861,614bg891,1,52,D,1,Rep,Adam Gray,Adam,,Gray,,,HD-CA-13,0,138552,,0,Adam_Gray,G000605,0,0,14106
25862,brp2ae7m,1,52,D,1,Rep,April McClain-Delaney,April,,McClain-Delaney,,,HD-MD-6,0,214608,,0,April_McClain-Delaney,M001232,0,0,0
25863,ezntkndp,1,52,D,1,Rep,Cleo Fields,Cleo,,Fields,,,HD-LA-6,0,26878,,0,Cleo_Fields,F000110,0,0,21581
25864,o1jehm58,1,52,D,1,Rep,Dave Min,Dave,,Min,,,HD-CA-47,0,179392,,0,Dave_Min,M001241,0,0,21727
25865,wha125n0,1,52,D,1,Rep,Derek Tran,Derek,,Tran,,,HD-CA-45,0,213645,,0,Derek_Tran,T000491,0,0,0
25866,nq82m7ba,1,52,D,1,Rep,Emily Randall,Emily,,Randall,,,HD-WA-6,0,183038,,0,Emily_Randall,R000621,0,0,20598
25867,3p9b4j8h,1,52,D,1,Rep,Eugene Vindman,Eugene ,Simon,Vindman,,,HD-VA-7,0,216844,,0,Eugene_Vindman,V000138,0,0,0
25868,b2covrf3,1,52,D,1,Rep,George Latimer,George,,Latimer,,,HD-NY-16,0,44173,,0,George_Latimer_(New_York),L000606,0,0,1331
25869,uaqclynu,1,52,D,1,Rep,George Whitesides,George,,Whitesides,,,HD-CA-27,0,213585,,0,George_Whitesides,W000830,0,0,0
25870,dzkh1g3u,1,52,D,1,Rep,Herbert Conaway Jr.,Herbert,C.,Conaway,Jr.,,HD-NJ-3,0,24716,,0,Herbert_Conaway_Jr.,C001136,0,0,3127
25871,dhci8snf,1,52,D,1,Rep,Janelle Bynum,Janelle,S.,Bynum,,,HD-OR-5,0,168102,,0,Janelle_Bynum,B001326,0,0,18598
25872,19m2p8qr,1,52,D,1,Rep,John Mannion,John,W.,Mannion,,,HD-NY-22,0,185053,,0,John_Mannion,M001231,0,0,21905
25873,k6ten0yn,1,52,D,1,Rep,Johnny Olszewski,Johnny,,Olszewski,Jr.,John,HD-MD-2,0,67095,,0,John_Olszewski_Jr.,O000176,0,0,4599
25874,ytbkp89m,1,52,D,1,Rep,Josh Riley,Josh,,Riley,,,HD-NY-19,0,205997,,0,Josh_Riley,R000622,0,0,0
25875,o69uem0m,1,52,D,1,Rep,Julie Johnson,Julie,,Johnson,,,HD-TX-32,0,177532,,0,Julie_Johnson,J000310,0,0,20239
25876,iatau0oi,1,52,D,1,Rep,Kelly Morrison,Kelly,,Morrison,,,HD-MN-3,0,183781,,0,Kelly_Morrison,M001234,0,0,20456
25877,xf8vmbdv,1,52,D,1,Rep,Kristen McDonald Rivet,Kristen McDonald,,Rivet,,,HD-MI-8,0,199213,,0,Kristen_McDonald_Rivet,M001237,0,0,24345
25878,8pq4fcsg,1,52,D,1,Rep,Lateefah Simon,Lateefah,,Simon,,,HD-CA-12,0,213551,,0,Lateefah_Simon,S001231,0,0,0
25879,kofjxtfe,1,52,D,1,Rep,Laura Friedman,Laura,,Friedman,,,HD-CA-30,0,111792,,0,Laura_Friedman,F000483,0,0,18077
25880,ljc7sc87,1,52,D,1,Rep,Laura Gillen,Laura,,Gillen,,,HD-NY-4,0,208621,,0,Laura_Gillen,G000602,0,0,0
25881,sksnv48t,1,52,D,1,Rep,Luz Rivas,Luz,Maria,Rivas,,,HD-CA-29,0,178070,,0,Luz_Maria_Rivas,R000620,0,0,19659
25882,d31wj6qn,1,52,D,1,Rep,Maggie Goodlander,Maggie,,Goodlander,,,HD-NH-2,0,218522,,0,Maggie_Goodlander,G000604,0,0,0
25883,xy2ps2eg,1,52,D,1,Rep,Maxine Dexter,Maxine,,Dexter,,,HD-OR-3,0,190844,,0,Maxine_Dexter,D000635,0,0,21655
25884,yoh7rn91,1,52,D,1,Rep,Nellie Pou,Nellie,,Pou,,,HD-NJ-9,0,15181,,0,Nellie_Pou,P000621,0,0,3126
25885,6f50im9o,1,52,D,1,Rep,Pablo Jose Hernandez,Pablo Jose,,Hernandez,,,HD-PR,0,0,,0,Pablo_Jose_Hernandez_Rivera,H001103,0,0,0
25886,1ra3zvfz,1,52,D,1,Rep,Sam Liccardo,Sam,T.,Liccardo,,,HD-CA-16,0,70450,,0,Sam_Liccardo,L000607,0,0,0
25887,xbyywbsk,1,52,D,1,Rep,Sarah Elfreth,Sarah,,Elfreth,,,HD-MD-3,0,178463,,0,Sarah_Elfreth,E000301,0,0,20685
25888,31l0etkl,1,52,D,1,Rep,Sarah McBride,Sarah,,McBride,,,HD-DE,0,195142,,0,Sarah_McBride,M001238,0,0,21736
25889,zq4yt12x,1,52,D,1,Rep,Shomari Figures,Shomari,,Figures,,,HD-AL-2,0,212889,,0,Shomari_Figures,F000481,0,0,0
25890,wr3i3y6u,1,52,D,1,Rep,Suhas Subramanyam,Suhas,,Subramanyam,,,HD-VA-10,0,186400,,0,Suhas_Subramanyam,S001230,0,0,21407
25891,4dt12hse,1,52,D,1,Rep,Sylvester Turner,Sylvester,,Turner,,,HD-TX-18,0,8018,,0,Sylvester_Turner,T000489,0,0,5992
25892,7lrnyas9,1,52,D,1,Rep,Wesley Bell,Wesley,,Bell,,,HD-MO-1,0,217416,,0,Wesley_Bell,B001324,0,0,0
25893,lf6xzm8t,1,52,D,1,Rep,Yassamin Ansari,Yassamin,,Ansari,,,HD-AZ-3,0,201437,,0,Yassamin_Ansari,A000381,0,0,0
25894,zqnmbkri,2,52,R,1,Rep,Abraham Hamadeh,Abraham,J.,Hamadeh,,,HD-AZ-8,0,205532,,0,Abraham_Hamadeh,H001098,0,0,0
25895,s5yh413t,2,52,R,1,Rep,Addison McDowell,Addison,P.,McDowell,,,HD-NC-6,0,213685,,0,Addison_McDowell,M001240,0,0,0
25896,hx64tl1y,2,52,R,1,Rep,Brad Knott,Brad,,Knott,,,HD-NC-13,0,213703,,0,Brad_Knott,K000405,0,0,0
25897,pd9e0umy,2,52,R,1,Rep,Brandon Gill,Brandon,,Gill,,,HD-TX-26,0,213266,,0,Brandon_Gill,G000603,0,0,0
25898,1gebwnl3,2,52,R,1,Rep,Brian Jack,Brian,,Jack,,,HD-GA-3,0,215141,,0,Brian_Jack,J000311,0,0,0
25899,t0p0lmqf,2,52,R,1,Rep,Craig Goldman,Craig,A.,Goldman,,,HD-TX-12,0,138373,,0,Craig_Goldman,G000601,0,0,15408
25900,750b5xzx,2,52,R,1,Rep,David Taylor,David,J.,Taylor,,,HD-OH-2,0,213920,,0,David_Taylor_(Ohio),T000490,0,0,0
25901,vbgn9mnu,2,52,R,1,Rep,Derek Schmidt,Derek,,Schmidt,,,HD-KS-2,0,34451,,0,Derek_Schmidt,S001228,0,0,6829
25902,ksk8akfi,2,52,R,1,Rep,Gabe Evans,Gabe,,Evans,,,HD-CO-8,0,206217,,0,Gabe_Evans,E000300,0,0,23953
25903,gc0c25tk,2,52,R,1,Rep,Jeff Crank,Jeff,,Crank,,,HD-CO-5,0,66946,,0,Jeff_Crank,C001137,0,0,0
25904,ww3cp0ot,2,52,R,1,Rep,Jeff Hurd,Jeff,,Hurd,,,HD-CO-3,0,217034,,0,Jeff_Hurd,H001100,0,0,0
25905,o1w8gojm,2,52,R,1,Rep,Jefferson Shreve,Jefferson,,Shreve,,,HD-IN-6,0,148154,,0,Jefferson_Shreve,S001229,0,0,0
25906,kzh33bzo,2,52,R,1,Rep,John McGuire,John,J.,McGuire,III,,HD-VA-5,0,176388,,0,John_McGuire,M001239,0,0,19503
25907,0h3wq1bx,2,52,R,1,Rep,Julie Fedorchak,Julie,,Fedorchak,,,HD-ND,0,144276,,0,Julie_Fedorchak,F000482,0,0,0
25908,350ualnf,2,52,R,1,Rep,Kimberlyn King-Hinds,Kimberlyn,,King-Hinds,,,HD-MP,0,117329,,0,Kimberlyn_King-Hinds,K000404,0,0,11085
25909,c2pzxtq6,2,52,R,1,Rep,Mark Harris,Mark,,Harris,,,HD-NC-8,0,146230,,0,Mark_Harris_(North_Carolina),H001102,0,0,0
25910,0ub5dfwv,2,52,R,1,Rep,Mark Messmer,Mark,B.,Messmer,,,HD-IN-8,0,102958,,0,Mark_Messmer,M001233,0,0,5541
25911,6za8jc87,2,52,R,1,Rep,Michael Baumgartner,Michael,,Baumgartner,,,HD-WA-5,0,126301,,0,Michael_Baumgartner_(Washington),B001322,0,0,11022
25912,ocnk7got,2,52,R,1,Rep,Mike Haridopolos,Mike,,Haridopolos,,,HD-FL-8,0,53952,,0,Mike_Haridopolos,H001099,0,0,1753
25913,xm80s9bi,2,52,R,1,Rep,Mike Kennedy,Mike,,Kennedy,,,HD-UT-3,0,137469,,0,Mike_Kennedy_(Utah),K000403,0,0,14566
25914,4xi5hq2w,2,52,R,1,Rep,Nicholas Begich,Nicholas,J.,Begich,,III,HD-AK,0,207684,,0,Nicholas_Begich,B001323,0,0,0
25915,lnil080m,2,52,R,1,Rep,Pat Harrigan,Pat,,Harrigan,,,HD-NC-10,0,202557,,0,Pat_Harrigan,H001101,0,0,0
25916,049hs368,2,52,R,1,Rep,Riley Moore,Riley,M.,Moore,,,HD-WV-2,0,167483,,0,Riley_Moore,M001235,0,0,19331
25917,nof6k9hl,2,52,R,1,Rep,Robert Bresnahan,Robert,P.,Bresnahan,Jr.,,HD-PA-8,0,214735,,0,Rob_Bresnahan_Jr.,B001327,0,0,0
25918,nd0rdzm8,2,52,R,1,Rep,Robert Onder,Robert,F.,Onder,Jr.,,HD-MO-3,0,200275,,0,"Robert_Onder,_Jr.",O000177,0,0,0
25919,qarvl1kr,2,52,R,1,Rep,Ryan Mackenzie,Ryan,,Mackenzie,,,HD-PA-7,0,136465,,0,Ryan_Mackenzie,M001230,0,0,13960
25920,msgzjbqh,2,52,R,1,Rep,Sheri Biggs,Sheri,,Biggs,,,HD-SC-3,0,216183,,0,Sheri_Biggs,B001325,0,0,0
25921,xwiwndgf,2,52,R,1,Rep,Tim Moore,Tim,K.,Moore,,,HD-NC-14,0,41316,,0,Timothy_K._Moore,M001236,0,0,2111
25922,mogontjh,2,52,R,1,Rep,Tom Barrett,Tom,,Barrett,,,HD-MI-7,0,153540,,0,Tom_Barrett_(Michigan),B001321,0,0,17015
25923,86foph55,2,52,R,1,Rep,Troy Downing,Troy,,Downing,,,HD-MT-2,0,178611,,0,Troy_Downing,D000634,0,0,0
25924,jzakc55p,1,52,D,2,Sen,Angela Alsobrooks,Angela,D.,Alsobrooks,,,SD-MD,0,212637,,0,Angela_Alsobrooks,A000382,0,0,0
25925,zh2qm4l7,2,52,R,2,Sen,Bernie Moreno,Bernie,,Moreno,,,SD-OH,0,201791,,0,Bernie_Moreno,M001242,0,0,0
25926,yylaj0c0,2,52,R,2,Sen,David McCormick,David,,McCormick,,,SD-PA,0,202978,,0,David_McCormick_(Pennsylvania),M001243,0,0,0
25927,0g0jl06y,2,52,R,2,Sen,Tim Sheehy,Tim,,Sheehy,,,SD-MT,0,215303,,0,Tim_Sheehy,S001232,0,0,0
26356,loh2846t,2,52,R,2,Sen,James Justice,James,C.,Justice,,,SD-WV,3798210,166287,,0,Jim_Justice,J000312,0,0,0
26387,qt1zhf9j,2,52,R,2,Sen,Jon Husted,Jon,,Husted,,,SD-OH,2753619,45796,,0,Jon_Husted,H001104,0,0,564
26388,feuhadew,2,52,R,2,Sen,Ashley Moody,Ashley,,Moody,,,SD-FL,1835686,183198,,0,Ashley_B._Moody,M001244,0,0,0
